prototype_id,function_name,parent_prototype_id,parent_function_name,upvalue_index,original_upvalue_name,readable_upvalue_name,capture_source_kind,capture_source_slot,capture_source_local_index,original_capture_source_name,readable_capture_source_name,closure_pc,binding_pc,binding_opcode,binding_operands,binding_instruction_equal,capture_name_consistent,capture_binding_equivalent
P01,startup_iife,P00,<chunk>,0,h,globals,parent_local_register,7,7,h,globals,14,15,MOVE,0 7,true,true,true
P01,startup_iife,P00,<chunk>,1,j,to_number,parent_local_register,9,9,j,to_number,14,16,MOVE,0 9,true,true,true
P01,startup_iife,P00,<chunk>,2,d,false_value,parent_local_register,3,3,d,false_value,14,17,MOVE,0 3,true,true,true
P01,startup_iife,P00,<chunk>,3,e,true_value,parent_local_register,4,4,e,true_value,14,18,MOVE,0 4,true,true,true
P01,startup_iife,P00,<chunk>,4,f,nil_value,parent_local_register,5,5,f,nil_value,14,19,MOVE,0 5,true,true,true
P01,startup_iife,P00,<chunk>,5,g,empty_string,parent_local_register,6,6,g,empty_string,14,20,MOVE,0 6,true,true,true
P05,decrypt_remote_content,P01,startup_iife,0,t,get_info,parent_local_register,10,10,t,get_info,83,84,MOVE,0 10,true,true,true
P05,decrypt_remote_content,P01,startup_iife,1,h,globals,parent_upvalue_slot,0,,h,globals,83,85,GETUPVAL,0 0,true,true,true
P05,decrypt_remote_content,P01,startup_iife,2,z,key_fragment_a,parent_local_register,16,16,z,key_fragment_a,83,86,MOVE,0 16,true,true,true
P05,decrypt_remote_content,P01,startup_iife,3,x,key_fragment_rm,parent_local_register,14,14,x,key_fragment_rm,83,87,MOVE,0 14,true,true,true
P06,write_file,P01,startup_iife,0,t,get_info,parent_local_register,10,10,t,get_info,88,89,MOVE,0 10,true,true,true
P06,write_file,P01,startup_iife,1,h,globals,parent_upvalue_slot,0,,h,globals,88,90,GETUPVAL,0 0,true,true,true
P06,write_file,P01,startup_iife,2,f,nil_value,parent_upvalue_slot,4,,f,nil_value,88,91,GETUPVAL,0 4,true,true,true
P06,write_file,P01,startup_iife,3,d,false_value,parent_upvalue_slot,2,,d,false_value,88,92,GETUPVAL,0 2,true,true,true
P06,write_file,P01,startup_iife,4,e,true_value,parent_upvalue_slot,3,,e,true_value,88,93,GETUPVAL,0 3,true,true,true
P07,execute_lua,P01,startup_iife,0,t,get_info,parent_local_register,10,10,t,get_info,94,95,MOVE,0 10,true,true,true
P07,execute_lua,P01,startup_iife,1,h,globals,parent_upvalue_slot,0,,h,globals,94,96,GETUPVAL,0 0,true,true,true
P08,execute_lua_callback,P07,execute_lua,0,h,globals,parent_upvalue_slot,1,,h,globals,21,22,GETUPVAL,0 1,true,true,true
P08,execute_lua_callback,P07,execute_lua,1,K,lua_source,parent_local_register,0,0,K,lua_source,21,23,MOVE,0 0,true,true,true
P09,load_cached_code,P01,startup_iife,0,h,globals,parent_upvalue_slot,0,,h,globals,97,98,GETUPVAL,0 0,true,true,true
P09,load_cached_code,P01,startup_iife,1,A,cache_file_base,parent_local_register,17,17,A,cache_file_base,97,99,MOVE,0 17,true,true,true
P09,load_cached_code,P01,startup_iife,2,D,decrypt_remote_content,parent_local_register,19,19,D,decrypt_remote_content,97,100,MOVE,0 19,true,true,true
P09,load_cached_code,P01,startup_iife,3,J,execute_lua,parent_local_register,21,21,J,execute_lua,97,101,MOVE,0 21,true,true,true
P09,load_cached_code,P01,startup_iife,4,v,cached_code_loaded,parent_local_register,12,12,v,cached_code_loaded,97,102,MOVE,0 12,true,true,true
P09,load_cached_code,P01,startup_iife,5,e,true_value,parent_upvalue_slot,3,,e,true_value,97,103,GETUPVAL,0 3,true,true,true
P09,load_cached_code,P01,startup_iife,6,y,local_version,parent_local_register,15,15,y,local_version,97,104,MOVE,0 15,true,true,true
P09,load_cached_code,P01,startup_iife,7,d,false_value,parent_upvalue_slot,2,,d,false_value,97,105,GETUPVAL,0 2,true,true,true
P10,load_cached_version,P01,startup_iife,0,h,globals,parent_upvalue_slot,0,,h,globals,106,107,GETUPVAL,0 0,true,true,true
P10,load_cached_version,P01,startup_iife,1,A,cache_file_base,parent_local_register,17,17,A,cache_file_base,106,108,MOVE,0 17,true,true,true
P10,load_cached_version,P01,startup_iife,2,y,local_version,parent_local_register,15,15,y,local_version,106,109,MOVE,0 15,true,true,true
P11,save_cached_version,P01,startup_iife,0,F,write_file,parent_local_register,20,20,F,write_file,110,111,MOVE,0 20,true,true,true
P11,save_cached_version,P01,startup_iife,1,A,cache_file_base,parent_local_register,17,17,A,cache_file_base,110,112,MOVE,0 17,true,true,true
P12,save_cached_content,P01,startup_iife,0,F,write_file,parent_local_register,20,20,F,write_file,113,114,MOVE,0 20,true,true,true
P12,save_cached_content,P01,startup_iife,1,A,cache_file_base,parent_local_register,17,17,A,cache_file_base,113,115,MOVE,0 17,true,true,true
P12,save_cached_content,P01,startup_iife,2,h,globals,parent_upvalue_slot,0,,h,globals,113,116,GETUPVAL,0 0,true,true,true
P13,request_backup_update,P01,startup_iife,0,q,backup_url_index,parent_local_register,7,7,q,backup_url_index,117,118,MOVE,0 7,true,true,true
P13,request_backup_update,P01,startup_iife,1,p,backup_url_count,parent_local_register,6,6,p,backup_url_count,117,119,MOVE,0 6,true,true,true
P13,request_backup_update,P01,startup_iife,2,o,current_update_url,parent_local_register,5,5,o,current_update_url,117,120,MOVE,0 5,true,true,true
P13,request_backup_update,P01,startup_iife,3,n,backup_update_urls,parent_local_register,4,4,n,backup_update_urls,117,121,MOVE,0 4,true,true,true
P13,request_backup_update,P01,startup_iife,4,j,to_number,parent_upvalue_slot,1,,j,to_number,117,122,GETUPVAL,0 1,true,true,true
P13,request_backup_update,P01,startup_iife,5,h,globals,parent_upvalue_slot,0,,h,globals,117,123,GETUPVAL,0 0,true,true,true
P13,request_backup_update,P01,startup_iife,6,y,local_version,parent_local_register,15,15,y,local_version,117,124,MOVE,0 15,true,true,true
P13,request_backup_update,P01,startup_iife,7,S,request_backup_update,parent_local_register_post_closure,26,26,S,request_backup_update,117,125,MOVE,0 26,true,true,true
P13,request_backup_update,P01,startup_iife,8,L,load_cached_code,parent_local_register,22,22,L,load_cached_code,117,126,MOVE,0 22,true,true,true
P13,request_backup_update,P01,startup_iife,9,e,true_value,parent_upvalue_slot,3,,e,true_value,117,127,GETUPVAL,0 3,true,true,true
P13,request_backup_update,P01,startup_iife,10,D,decrypt_remote_content,parent_local_register,19,19,D,decrypt_remote_content,117,128,MOVE,0 19,true,true,true
P13,request_backup_update,P01,startup_iife,11,J,execute_lua,parent_local_register,21,21,J,execute_lua,117,129,MOVE,0 21,true,true,true
P13,request_backup_update,P01,startup_iife,12,R,save_cached_content,parent_local_register,25,25,R,save_cached_content,117,130,MOVE,0 25,true,true,true
P13,request_backup_update,P01,startup_iife,13,Q,save_cached_version,parent_local_register,24,24,Q,save_cached_version,117,131,MOVE,0 24,true,true,true
P13,request_backup_update,P01,startup_iife,14,B,identity,parent_local_register,18,18,B,identity,117,132,MOVE,0 18,true,true,true
P13,request_backup_update,P01,startup_iife,15,g,empty_string,parent_upvalue_slot,5,,g,empty_string,117,133,GETUPVAL,0 5,true,true,true
P13,request_backup_update,P01,startup_iife,16,w,gate_ip,parent_local_register,13,13,w,gate_ip,117,134,MOVE,0 13,true,true,true
P14,backup_network_callback,P13,request_backup_update,0,h,globals,parent_upvalue_slot,5,,h,globals,43,44,GETUPVAL,0 5,true,true,true
P14,backup_network_callback,P13,request_backup_update,1,S,request_backup_update,parent_upvalue_slot,7,,S,request_backup_update,43,45,GETUPVAL,0 7,true,true,true
P14,backup_network_callback,P13,request_backup_update,2,T,force_refresh,parent_local_register,0,0,T,force_refresh,43,46,MOVE,0 0,true,true,true
P14,backup_network_callback,P13,request_backup_update,3,j,to_number,parent_upvalue_slot,4,,j,to_number,43,47,GETUPVAL,0 4,true,true,true
P14,backup_network_callback,P13,request_backup_update,4,L,load_cached_code,parent_upvalue_slot,8,,L,load_cached_code,43,48,GETUPVAL,0 8,true,true,true
P14,backup_network_callback,P13,request_backup_update,5,e,true_value,parent_upvalue_slot,9,,e,true_value,43,49,GETUPVAL,0 9,true,true,true
P14,backup_network_callback,P13,request_backup_update,6,D,decrypt_remote_content,parent_upvalue_slot,10,,D,decrypt_remote_content,43,50,GETUPVAL,0 10,true,true,true
P14,backup_network_callback,P13,request_backup_update,7,J,execute_lua,parent_upvalue_slot,11,,J,execute_lua,43,51,GETUPVAL,0 11,true,true,true
P14,backup_network_callback,P13,request_backup_update,8,R,save_cached_content,parent_upvalue_slot,12,,R,save_cached_content,43,52,GETUPVAL,0 12,true,true,true
P14,backup_network_callback,P13,request_backup_update,9,Q,save_cached_version,parent_upvalue_slot,13,,Q,save_cached_version,43,53,GETUPVAL,0 13,true,true,true
P15,backup_get_or_create_uuid,P13,request_backup_update,0,h,globals,parent_upvalue_slot,5,,h,globals,67,68,GETUPVAL,0 5,true,true,true
P16,request_primary_update,P01,startup_iife,0,y,local_version,parent_local_register,15,15,y,local_version,135,136,MOVE,0 15,true,true,true
P16,request_primary_update,P01,startup_iife,1,h,globals,parent_upvalue_slot,0,,h,globals,135,137,GETUPVAL,0 0,true,true,true
P16,request_primary_update,P01,startup_iife,2,k,primary_update_url,parent_local_register,1,1,k,primary_update_url,135,138,MOVE,0 1,true,true,true
P16,request_primary_update,P01,startup_iife,3,S,request_backup_update,parent_local_register,26,26,S,request_backup_update,135,139,MOVE,0 26,true,true,true
P16,request_primary_update,P01,startup_iife,4,d,false_value,parent_upvalue_slot,2,,d,false_value,135,140,GETUPVAL,0 2,true,true,true
P16,request_primary_update,P01,startup_iife,5,j,to_number,parent_upvalue_slot,1,,j,to_number,135,141,GETUPVAL,0 1,true,true,true
P16,request_primary_update,P01,startup_iife,6,L,load_cached_code,parent_local_register,22,22,L,load_cached_code,135,142,MOVE,0 22,true,true,true
P16,request_primary_update,P01,startup_iife,7,a6,request_primary_update,parent_local_register_post_closure,27,27,a6,request_primary_update,135,143,MOVE,0 27,true,true,true
P16,request_primary_update,P01,startup_iife,8,e,true_value,parent_upvalue_slot,3,,e,true_value,135,144,GETUPVAL,0 3,true,true,true
P16,request_primary_update,P01,startup_iife,9,D,decrypt_remote_content,parent_local_register,19,19,D,decrypt_remote_content,135,145,MOVE,0 19,true,true,true
P16,request_primary_update,P01,startup_iife,10,J,execute_lua,parent_local_register,21,21,J,execute_lua,135,146,MOVE,0 21,true,true,true
P16,request_primary_update,P01,startup_iife,11,R,save_cached_content,parent_local_register,25,25,R,save_cached_content,135,147,MOVE,0 25,true,true,true
P16,request_primary_update,P01,startup_iife,12,Q,save_cached_version,parent_local_register,24,24,Q,save_cached_version,135,148,MOVE,0 24,true,true,true
P16,request_primary_update,P01,startup_iife,13,B,identity,parent_local_register,18,18,B,identity,135,149,MOVE,0 18,true,true,true
P16,request_primary_update,P01,startup_iife,14,g,empty_string,parent_upvalue_slot,5,,g,empty_string,135,150,GETUPVAL,0 5,true,true,true
P16,request_primary_update,P01,startup_iife,15,w,gate_ip,parent_local_register,13,13,w,gate_ip,135,151,MOVE,0 13,true,true,true
P17,primary_network_callback,P16,request_primary_update,0,h,globals,parent_upvalue_slot,1,,h,globals,16,17,GETUPVAL,0 1,true,true,true
P17,primary_network_callback,P16,request_primary_update,1,S,request_backup_update,parent_upvalue_slot,3,,S,request_backup_update,16,18,GETUPVAL,0 3,true,true,true
P17,primary_network_callback,P16,request_primary_update,2,d,false_value,parent_upvalue_slot,4,,d,false_value,16,19,GETUPVAL,0 4,true,true,true
P17,primary_network_callback,P16,request_primary_update,3,j,to_number,parent_upvalue_slot,5,,j,to_number,16,20,GETUPVAL,0 5,true,true,true
P17,primary_network_callback,P16,request_primary_update,4,L,load_cached_code,parent_upvalue_slot,6,,L,load_cached_code,16,21,GETUPVAL,0 6,true,true,true
P17,primary_network_callback,P16,request_primary_update,5,a6,request_primary_update,parent_upvalue_slot,7,,a6,request_primary_update,16,22,GETUPVAL,0 7,true,true,true
P17,primary_network_callback,P16,request_primary_update,6,e,true_value,parent_upvalue_slot,8,,e,true_value,16,23,GETUPVAL,0 8,true,true,true
P17,primary_network_callback,P16,request_primary_update,7,D,decrypt_remote_content,parent_upvalue_slot,9,,D,decrypt_remote_content,16,24,GETUPVAL,0 9,true,true,true
P17,primary_network_callback,P16,request_primary_update,8,J,execute_lua,parent_upvalue_slot,10,,J,execute_lua,16,25,GETUPVAL,0 10,true,true,true
P17,primary_network_callback,P16,request_primary_update,9,R,save_cached_content,parent_upvalue_slot,11,,R,save_cached_content,16,26,GETUPVAL,0 11,true,true,true
P17,primary_network_callback,P16,request_primary_update,10,Q,save_cached_version,parent_upvalue_slot,12,,Q,save_cached_version,16,27,GETUPVAL,0 12,true,true,true
P18,primary_get_or_create_uuid,P16,request_primary_update,0,h,globals,parent_upvalue_slot,1,,h,globals,41,42,GETUPVAL,0 1,true,true,true
P19,build_key_parameters,P01,startup_iife,0,j,to_number,parent_upvalue_slot,1,,j,to_number,167,168,GETUPVAL,0 1,true,true,true
P20,derive_core_archive_key,P01,startup_iife,0,ad,build_key_parameters,parent_local_register,33,33,ad,build_key_parameters,169,170,MOVE,0 33,true,true,true
P20,derive_core_archive_key,P01,startup_iife,1,a8,math_floor,parent_local_register,28,28,a8,math_floor,169,171,MOVE,0 28,true,true,true
P20,derive_core_archive_key,P01,startup_iife,2,a9,math_exp,parent_local_register,29,29,a9,math_exp,169,172,MOVE,0 29,true,true,true
P20,derive_core_archive_key,P01,startup_iife,3,h,globals,parent_upvalue_slot,0,,h,globals,169,173,GETUPVAL,0 0,true,true,true
P20,derive_core_archive_key,P01,startup_iife,4,j,to_number,parent_upvalue_slot,1,,j,to_number,169,174,GETUPVAL,0 1,true,true,true
P20,derive_core_archive_key,P01,startup_iife,5,aa,math_sqrt,parent_local_register,30,30,aa,math_sqrt,169,175,MOVE,0 30,true,true,true
P20,derive_core_archive_key,P01,startup_iife,6,ac,string_reverse,parent_local_register,32,32,ac,string_reverse,169,176,MOVE,0 32,true,true,true
P20,derive_core_archive_key,P01,startup_iife,7,ab,string_char,parent_local_register,31,31,ab,string_char,169,177,MOVE,0 31,true,true,true
P21,wrong_version_dialog_callback,P01,startup_iife,0,j,to_number,parent_upvalue_slot,1,,j,to_number,240,241,GETUPVAL,0 1,true,true,true
P21,wrong_version_dialog_callback,P01,startup_iife,1,h,globals,parent_upvalue_slot,0,,h,globals,240,242,GETUPVAL,0 0,true,true,true
P22,delayed_exit_callback,P01,startup_iife,0,h,globals,parent_upvalue_slot,0,,h,globals,252,253,GETUPVAL,0 0,true,true,true
P23,globals.set_helper,P01,startup_iife,0,h,globals,parent_upvalue_slot,0,,h,globals,355,356,GETUPVAL,0 0,true,true,true
P24,startup_network_callback,P01,startup_iife,0,h,globals,parent_upvalue_slot,0,,h,globals,360,361,GETUPVAL,0 0,true,true,true
P24,startup_network_callback,P01,startup_iife,1,S,request_backup_update,parent_local_register,26,26,S,request_backup_update,360,362,MOVE,0 26,true,true,true
P24,startup_network_callback,P01,startup_iife,2,d,false_value,parent_upvalue_slot,2,,d,false_value,360,363,GETUPVAL,0 2,true,true,true
P24,startup_network_callback,P01,startup_iife,3,j,to_number,parent_upvalue_slot,1,,j,to_number,360,364,GETUPVAL,0 1,true,true,true
P24,startup_network_callback,P01,startup_iife,4,L,load_cached_code,parent_local_register,22,22,L,load_cached_code,360,365,MOVE,0 22,true,true,true
P24,startup_network_callback,P01,startup_iife,5,a6,request_primary_update,parent_local_register,27,27,a6,request_primary_update,360,366,MOVE,0 27,true,true,true
P24,startup_network_callback,P01,startup_iife,6,e,true_value,parent_upvalue_slot,3,,e,true_value,360,367,GETUPVAL,0 3,true,true,true
P24,startup_network_callback,P01,startup_iife,7,D,decrypt_remote_content,parent_local_register,19,19,D,decrypt_remote_content,360,368,MOVE,0 19,true,true,true
P24,startup_network_callback,P01,startup_iife,8,J,execute_lua,parent_local_register,21,21,J,execute_lua,360,369,MOVE,0 21,true,true,true
P24,startup_network_callback,P01,startup_iife,9,R,save_cached_content,parent_local_register,25,25,R,save_cached_content,360,370,MOVE,0 25,true,true,true
P24,startup_network_callback,P01,startup_iife,10,Q,save_cached_version,parent_local_register,24,24,Q,save_cached_version,360,371,MOVE,0 24,true,true,true
P25,startup_get_or_create_uuid,P01,startup_iife,0,h,globals,parent_upvalue_slot,0,,h,globals,385,386,GETUPVAL,0 0,true,true,true
