prototype_id,function_name,parent_prototype_id,parent_function_name,prototype_depth,original_line_range,readable_line_range,parameters,vararg,stack_slots,instructions,constants,locals,upvalues,direct_child_functions,summary_equal,opcode_operand_stream_equal,constant_table_equal,local_pc_lifetimes_equal,upvalue_slot_graph_equal,original_instruction_sha256,readable_instruction_sha256,original_constant_sha256,readable_constant_sha256,runtime_coverage_key,dynamically_covered,strict_executable_checks_pass
P00,<chunk>,,,0,0:0,0:0,0,true,11,23,9,10,0,1,true,true,true,true,true,5712ad5c5bbe02f90545a91c48c726582526adfebaf0dd15eeec4e4baab7314b,5712ad5c5bbe02f90545a91c48c726582526adfebaf0dd15eeec4e4baab7314b,d29247dfb08e1e6ca074a55877f9de9a1f276ad2afd25d28f89a28fd0e0c4042,d29247dfb08e1e6ca074a55877f9de9a1f276ad2afd25d28f89a28fd0e0c4042,0:565,true,true
P01,startup_iife,P00,<chunk>,1,1:1,17:564,0,true,63,457,97,49,6,19,true,true,true,true,true,8c019545ba5b052a3acc253fc25fa33f9f5f8bb1d8a7697d357f78e817c025b2,8c019545ba5b052a3acc253fc25fa33f9f5f8bb1d8a7697d357f78e817c025b2,9ab42eab1a49bdeb28f870bba3f3141ab0187d7ce43780fa74553572ed253038,9ab42eab1a49bdeb28f870bba3f3141ab0187d7ce43780fa74553572ed253038,17:564,true,true
P02,key_fragment_rm,P01,startup_iife,2,1:1,55:57,0,false,2,3,1,0,0,0,true,true,true,true,true,f6e37f5ccbe4e9c9f68094082264bf110f23d0499014c14f36c8d0df8666b7be,f6e37f5ccbe4e9c9f68094082264bf110f23d0499014c14f36c8d0df8666b7be,dba04530a71b5991e885ada3a17200ef33442403908ac2a9b0e0955f769a349b,dba04530a71b5991e885ada3a17200ef33442403908ac2a9b0e0955f769a349b,55:57,true,true
P03,key_fragment_a,P01,startup_iife,2,1:1,60:62,0,false,2,3,1,0,0,0,true,true,true,true,true,f6e37f5ccbe4e9c9f68094082264bf110f23d0499014c14f36c8d0df8666b7be,f6e37f5ccbe4e9c9f68094082264bf110f23d0499014c14f36c8d0df8666b7be,798640599597df7a8daa32b1132f07850a68b5e71bd295650399a38074f52804,798640599597df7a8daa32b1132f07850a68b5e71bd295650399a38074f52804,60:62,true,true
P04,identity,P01,startup_iife,2,1:1,67:69,1,false,2,2,0,1,0,0,true,true,true,true,true,6170dd5c53487a9da625396a71e2521345b056bc6efd5640deff7fe4fc4c3948,6170dd5c53487a9da625396a71e2521345b056bc6efd5640deff7fe4fc4c3948,e3b0c44298fc1c149afbf4c8996fb92427ae41e4649b934ca495991b7852b855,e3b0c44298fc1c149afbf4c8996fb92427ae41e4649b934ca495991b7852b855,67:69,true,true
P05,decrypt_remote_content,P01,startup_iife,2,1:1,71:82,1,false,10,46,18,1,4,0,true,true,true,true,true,d410551d3b2a3389356534f94284c0a89de72f8f5e3535645fbe904b3bbeca0c,d410551d3b2a3389356534f94284c0a89de72f8f5e3535645fbe904b3bbeca0c,f0721b5b19703c19cc9ea138a38870cfd66e615d547bd4873a2da6196e181a88,f0721b5b19703c19cc9ea138a38870cfd66e615d547bd4873a2da6196e181a88,71:82,true,true
P06,write_file,P01,startup_iife,2,1:1,83:98,2,false,6,40,8,3,5,0,true,true,true,true,true,8ebcce73ef68767d9ab834631f283e3cd8708cbac62f9347faf2498964ce1043,8ebcce73ef68767d9ab834631f283e3cd8708cbac62f9347faf2498964ce1043,9b74cea6dad8c68d28a5349c2970c0623575302f8c79695f7b9504b17368181e,9b74cea6dad8c68d28a5349c2970c0623575302f8c79695f7b9504b17368181e,83:98,true,true
P07,execute_lua,P01,startup_iife,2,1:1,99:111,1,false,3,30,5,1,2,1,true,true,true,true,true,0ef4f89bc605c46446cd619eeafc7e23dfd052118267e4bd6831a2926bac9590,0ef4f89bc605c46446cd619eeafc7e23dfd052118267e4bd6831a2926bac9590,b3dc249d88203444464b0f6b4b8cb24ee557be829c22dfff2082907e7e7e24d8,b3dc249d88203444464b0f6b4b8cb24ee557be829c22dfff2082907e7e7e24d8,99:111,true,true
P08,execute_lua_callback,P07,execute_lua,3,1:1,105:107,0,false,2,6,1,0,2,0,true,true,true,true,true,62369bf2a1574da2e9fbc0a3a624940c03cc9b5fb990774c3a23cbda2e9e1bc3,62369bf2a1574da2e9fbc0a3a624940c03cc9b5fb990774c3a23cbda2e9e1bc3,a4fcee2b703ff09a146ff06f9a99aabb874e4d482fcc200979e073d0083bda5c,a4fcee2b703ff09a146ff06f9a99aabb874e4d482fcc200979e073d0083bda5c,105:107,true,true
P09,load_cached_code,P01,startup_iife,2,1:1,112:132,0,false,5,47,8,3,8,0,true,true,true,true,true,6801d8ddac0d3e875226a2fec28120c26b145b8521af0d435b3f9eb13dd465f7,6801d8ddac0d3e875226a2fec28120c26b145b8521af0d435b3f9eb13dd465f7,fb1c88dc1f513b604569ed1562d1ef5a16a5d71a1ec8d20fa188181dd7dc54ef,fb1c88dc1f513b604569ed1562d1ef5a16a5d71a1ec8d20fa188181dd7dc54ef,112:132,true,true
P10,load_cached_version,P01,startup_iife,2,1:1,133:141,0,false,3,30,5,1,3,0,true,true,true,true,true,dabcbb3df45aa4628b245a68ccfb908b80a4c014f5efff571ed685e6bccbcf61,dabcbb3df45aa4628b245a68ccfb908b80a4c014f5efff571ed685e6bccbcf61,da085d1586bb4e831a2cddf5901bc73e6a6443f827d54f1ed18eddc593de3790,da085d1586bb4e831a2cddf5901bc73e6a6443f827d54f1ed18eddc593de3790,133:141,true,true
P11,save_cached_version,P01,startup_iife,2,1:1,142:144,1,false,4,7,1,1,2,0,true,true,true,true,true,afc5040af0622b2ebccbb7c97a8e0c527f8942c752ca944cb59fdb071c758230,afc5040af0622b2ebccbb7c97a8e0c527f8942c752ca944cb59fdb071c758230,9af48939388f802fe1e595884f23c55b6fdd0d0c49dc4e45feb92983959f82b5,9af48939388f802fe1e595884f23c55b6fdd0d0c49dc4e45feb92983959f82b5,142:144,true,true
P12,save_cached_content,P01,startup_iife,2,1:1,145:148,1,false,4,11,3,1,3,0,true,true,true,true,true,581306dd827ad3a3910cd02ebd3a6cc8d45ebcf70dd9fde277e7500fb0a98979,581306dd827ad3a3910cd02ebd3a6cc8d45ebcf70dd9fde277e7500fb0a98979,d255030f74fbfa81d392f0e3ee1bddc6ff1d07e795b7dec5890e857114d174a6,d255030f74fbfa81d392f0e3ee1bddc6ff1d07e795b7dec5890e857114d174a6,145:148,true,true
P13,request_backup_update,P01,startup_iife,2,1:1,150:268,1,false,22,139,34,8,17,2,true,true,true,true,true,7e84dc598d98f18f220fdfa77438604401a8b4077bd5dab311d43e55d60ded02,7e84dc598d98f18f220fdfa77438604401a8b4077bd5dab311d43e55d60ded02,b4fceb52c1bc473739e1fcf18901a8cc4e1c2015b10b0f49a6fb350f33db124a,b4fceb52c1bc473739e1fcf18901a8cc4e1c2015b10b0f49a6fb350f33db124a,150:268,true,true
P14,backup_network_callback,P13,request_backup_update,3,1:1,169:234,1,false,11,149,25,9,10,0,true,true,true,true,true,b3c9700e061deaa252dd5a3bcc318f26d57f65cc089a06f0856dd00f4fb1e3d0,b3c9700e061deaa252dd5a3bcc318f26d57f65cc089a06f0856dd00f4fb1e3d0,32cf2c6315273f2ff767ec0d433a81f7f2a5af7879cbf0fa1db406fe636ab867,32cf2c6315273f2ff767ec0d433a81f7f2a5af7879cbf0fa1db406fe636ab867,169:234,true,true
P15,backup_get_or_create_uuid,P13,request_backup_update,3,1:1,237:245,1,false,5,31,9,2,1,0,true,true,true,true,true,f2b519c8989850a4f4e43e1d7fdd9459ce1cc4bc00197b3837afc6d023919787,f2b519c8989850a4f4e43e1d7fdd9459ce1cc4bc00197b3837afc6d023919787,e1594a13981f92e6396353e3fba3a534c0e1d40e108e2eafc57f803f3445aa4b,e1594a13981f92e6396353e3fba3a534c0e1d40e108e2eafc57f803f3445aa4b,237:245,true,true
P16,request_primary_update,P01,startup_iife,2,1:1,270:381,1,false,22,113,32,8,16,2,true,true,true,true,true,6bcdce364d7568a1e27782fa57c41c44e2332e3748de283d37172918b0a8ccf4,6bcdce364d7568a1e27782fa57c41c44e2332e3748de283d37172918b0a8ccf4,be5d16ab71fc30ba93a11cc6399149c05bbc0eca64c098349a22adb4928157fe,be5d16ab71fc30ba93a11cc6399149c05bbc0eca64c098349a22adb4928157fe,270:381,true,true
P17,primary_network_callback,P16,request_primary_update,3,1:1,278:347,1,false,11,159,25,9,11,0,true,true,true,true,true,003db482ae9dad8142a6789b2312baa350251c3da2da330708ad25bc742a4732,003db482ae9dad8142a6789b2312baa350251c3da2da330708ad25bc742a4732,964656e96410086fa284bb9d34500abd011b8aa7ffe71d00d92f48f91eee9a7b,964656e96410086fa284bb9d34500abd011b8aa7ffe71d00d92f48f91eee9a7b,278:347,true,true
P18,primary_get_or_create_uuid,P16,request_primary_update,3,1:1,350:358,1,false,5,31,9,2,1,0,true,true,true,true,true,f2b519c8989850a4f4e43e1d7fdd9459ce1cc4bc00197b3837afc6d023919787,f2b519c8989850a4f4e43e1d7fdd9459ce1cc4bc00197b3837afc6d023919787,e1594a13981f92e6396353e3fba3a534c0e1d40e108e2eafc57f803f3445aa4b,e1594a13981f92e6396353e3fba3a534c0e1d40e108e2eafc57f803f3445aa4b,350:358,true,true
P19,build_key_parameters,P01,startup_iife,2,1:1,385:391,0,false,3,15,6,0,1,0,true,true,true,true,true,1aa495f57960ceb94dd7192b16dd3ff6b02a2179c4be06fb3f61bc861c85558b,1aa495f57960ceb94dd7192b16dd3ff6b02a2179c4be06fb3f61bc861c85558b,e45e0573d5c98e3cc3448704f997a520caf274c34bae807b2da71bfe6f32270e,e45e0573d5c98e3cc3448704f997a520caf274c34bae807b2da71bfe6f32270e,385:391,true,true
P20,derive_core_archive_key,P01,startup_iife,2,1:1,392:415,0,false,19,109,27,7,8,0,true,true,true,true,true,dced77e5422c7093bb3e1fc5109269a1b96c568c2049b1b0dc9a9954c8c48a6c,dced77e5422c7093bb3e1fc5109269a1b96c568c2049b1b0dc9a9954c8c48a6c,f18c21b01e6cafe234b0e72b76a64882e63fa3bf604274ac68c305e488d23a7d,f18c21b01e6cafe234b0e72b76a64882e63fa3bf604274ac68c305e488d23a7d,392:415,true,true
P21,wrong_version_dialog_callback,P01,startup_iife,2,1:1,425:429,1,false,3,10,3,1,2,0,true,true,true,true,true,001e6ea5a90f4699a8677fe5a7294187e5ea1c74c2941dfb10f48e72b3d87cfc,001e6ea5a90f4699a8677fe5a7294187e5ea1c74c2941dfb10f48e72b3d87cfc,95846417c7ce763366c74399699aa6ca565acefffdddfda955d6bd606f551630,95846417c7ce763366c74399699aa6ca565acefffdddfda955d6bd606f551630,425:429,true,true
P22,delayed_exit_callback,P01,startup_iife,2,1:1,430:432,0,false,2,5,2,0,1,0,true,true,true,true,true,af11abc92214321d4ef05ec6137fe79cc2ff3b0dd5e3bbc5bf559421bab56bad,af11abc92214321d4ef05ec6137fe79cc2ff3b0dd5e3bbc5bf559421bab56bad,f8c2f21af8812f45f2e0f5949f55dfef8c22417b365512e88808959942d099f6,f8c2f21af8812f45f2e0f5949f55dfef8c22417b365512e88808959942d099f6,430:432,true,true
P23,globals.set_helper,P01,startup_iife,2,1:1,459:461,1,false,2,5,3,1,1,0,true,true,true,true,true,819039bfdb05694008a8525890e70df0957629e5fec0352377245da56af45ddb,819039bfdb05694008a8525890e70df0957629e5fec0352377245da56af45ddb,425d565758ac3aba769d52e15f6713799aec40d54cfe0064ebda65860c5ba795,425d565758ac3aba769d52e15f6713799aec40d54cfe0064ebda65860c5ba795,459:461,true,true
P24,startup_network_callback,P01,startup_iife,2,1:1,462:531,1,false,11,159,25,9,11,0,true,true,true,true,true,003db482ae9dad8142a6789b2312baa350251c3da2da330708ad25bc742a4732,003db482ae9dad8142a6789b2312baa350251c3da2da330708ad25bc742a4732,964656e96410086fa284bb9d34500abd011b8aa7ffe71d00d92f48f91eee9a7b,964656e96410086fa284bb9d34500abd011b8aa7ffe71d00d92f48f91eee9a7b,462:531,true,true
P25,startup_get_or_create_uuid,P01,startup_iife,2,1:1,533:541,1,false,5,31,9,2,1,0,true,true,true,true,true,f2b519c8989850a4f4e43e1d7fdd9459ce1cc4bc00197b3837afc6d023919787,f2b519c8989850a4f4e43e1d7fdd9459ce1cc4bc00197b3837afc6d023919787,e1594a13981f92e6396353e3fba3a534c0e1d40e108e2eafc57f803f3445aa4b,e1594a13981f92e6396353e3fba3a534c0e1d40e108e2eafc57f803f3445aa4b,533:541,true,true
