prototype_id,function_name,constant_index,constant_type,original_repr,readable_repr,decoded_value,equal
P00,<chunk>,1,number,17,17,17,true
P00,<chunk>,2,number,34,34,34,true
P00,<chunk>,3,number,23,23,23,true
P00,<chunk>,4,number,0,0,0,true
P00,<chunk>,5,number,1,1,1,true
P00,<chunk>,6,string,"""""","""""",,true
P00,<chunk>,7,string,"""_G""","""_G""",_G,true
P00,<chunk>,8,string,"""_ENV""","""_ENV""",_ENV,true
P00,<chunk>,9,string,"""tonumber""","""tonumber""",tonumber,true
P01,startup_iife,1,string,"""def""","""def""",def,true
P01,startup_iife,2,string,"""showUserAgreement""","""showUserAgreement""",showUserAgreement,true
P01,startup_iife,3,string,"""argeementText""","""argeementText""",argeementText,true
P01,startup_iife,4,string,"""        \228\184\128\227\128\129\228\184\141\229\190\151\229\136\169\231\148\168\230\156\172\232\189\175\228\187\182\230\136\150\230\156\172\232\189\175\228\187\182\230\156\141\229\138\161\229\136\182\228\189\156\227\128\129\228\184\138\232\189\189\227\128\129\229\164\141\229\136\182\227\128\129\229\143\145\233\128\129\229\166\130\228\184\139\229\134\133\229\174\185\239\188\154\n        (1) \229\143\141\229\175\185\229\174\170\230\179\149\230\137\128\231\161\174\229\174\154\231\154\132\229\159\186\230\156\172\229\142\159\229\136\153\231\154\132\239\188\155\n        (2) \229\141\177\229\174\179\229\155\189\229\174\182\229\174\137\229\133\168\239\188\140\230\179\132\233\156\178\229\155\189\229\174\182\231\167\152\229\175\134\239\188\140\233\162\160\232\166\134\229\155\189\229\174\182\230\148\191\230\157\131\239\188\140\231\160\180\229\157\143\229\155\189\229\174\182\231\187\159\228\184\128\231\154\132\239\188\155\n        (3) \230\141\159\229\174\179\229\155\189\229\174\182\232\141\163\232\170\137\229\146\140\229\136\169\231\155\138\231\154\132\239\188\155\n        (4) \231\133\189\229\138\168\230\176\145\230\151\143\228\187\135\230\129\168\227\128\129\230\176\145\230\151\143\230\173\167\232\167\134\239\188\140\231\160\180\229\157\143\230\176\145\230\151\143\229\155\162\231\187\147\231\154\132\239\188\155\n        (5) \231\160\180\229\157\143\229\155\189\229\174\182\229\174\151\230\149\153\230\148\191\231\173\150\239\188\140\229\174\163\230\137\172\233\130\170\230\149\153\229\146\140\229\176\129\229\187\186\232\191\183\228\191\161\231\154\132\239\188\155\n        (6) \230\149\163\229\184\131\232\176\163\232\168\128\239\188\140\230\137\176\228\185\177\231\164\190\228\188\154\231\167\169\229\186\143\239\188\140\231\160\180\229\157\143\231\164\190\228\188\154\231\168\179\229\174\154\231\154\132\239\188\155\n        (7) \230\149\163\229\184\131\230\183\171\231\167\189\227\128\129\232\137\178\230\131\133\227\128\129\232\181\140\229\141\154\227\128\129\230\154\180\229\138\155\227\128\129\229\135\182\230\157\128\227\128\129\230\129\144\230\128\150\230\136\150\232\128\133\230\149\153\229\148\134\231\138\175\231\189\170\231\154\132\239\188\155\n        (8) \228\190\174\232\190\177\230\136\150\232\128\133\232\175\189\232\176\164\228\187\150\228\186\186\239\188\140\228\190\181\229\174\179\228\187\150\228\186\186\229\144\136\230\179\149\230\157\131\231\155\138\231\154\132\239\188\155\n        (9) \229\144\171\230\156\137\230\179\149\229\190\139\227\128\129\232\161\140\230\148\191\230\179\149\232\167\132\231\166\129\230\173\162\231\154\132\229\133\182\228\187\150\229\134\133\229\174\185\231\154\132\228\191\161\230\129\175\227\128\130\n        \228\186\140\227\128\129\230\156\172\230\184\184\230\136\143\230\137\128\230\156\137\231\180\160\230\157\144\229\157\135\230\157\165\232\135\170\228\186\146\232\129\148\231\189\145\239\188\140\229\166\130\233\129\135\228\190\181\230\157\131\232\175\183\232\129\148\231\179\187GM\229\136\160\233\153\164\227\128\130\n        \228\184\137\227\128\129\232\139\165\230\130\168\229\175\185\230\156\172\230\184\184\230\136\143\229\143\138\230\156\172\230\156\141\229\138\161\230\156\137\228\187\187\228\189\149\230\132\143\232\167\129\239\188\140\230\172\162\232\191\142\232\129\148\231\179\187\230\184\184\230\136\143\231\149\140\233\157\162\228\184\173\231\154\132\229\174\162\230\156\141\232\129\148\231\179\187\230\150\185\229\188\143\227\128\130\n    ""","""        \228\184\128\227\128\129\228\184\141\229\190\151\229\136\169\231\148\168\230\156\172\232\189\175\228\187\182\230\136\150\230\156\172\232\189\175\228\187\182\230\156\141\229\138\161\229\136\182\228\189\156\227\128\129\228\184\138\232\189\189\227\128\129\229\164\141\229\136\182\227\128\129\229\143\145\233\128\129\229\166\130\228\184\139\229\134\133\229\174\185\239\188\154\n        (1) \229\143\141\229\175\185\229\174\170\230\179\149\230\137\128\231\161\174\229\174\154\231\154\132\229\159\186\230\156\172\229\142\159\229\136\153\231\154\132\239\188\155\n        (2) \229\141\177\229\174\179\229\155\189\229\174\182\229\174\137\229\133\168\239\188\140\230\179\132\233\156\178\229\155\189\229\174\182\231\167\152\229\175\134\239\188\140\233\162\160\232\166\134\229\155\189\229\174\182\230\148\191\230\157\131\239\188\140\231\160\180\229\157\143\229\155\189\229\174\182\231\187\159\228\184\128\231\154\132\239\188\155\n        (3) \230\141\159\229\174\179\229\155\189\229\174\182\232\141\163\232\170\137\229\146\140\229\136\169\231\155\138\231\154\132\239\188\155\n        (4) \231\133\189\229\138\168\230\176\145\230\151\143\228\187\135\230\129\168\227\128\129\230\176\145\230\151\143\230\173\167\232\167\134\239\188\140\231\160\180\229\157\143\230\176\145\230\151\143\229\155\162\231\187\147\231\154\132\239\188\155\n        (5) \231\160\180\229\157\143\229\155\189\229\174\182\229\174\151\230\149\153\230\148\191\231\173\150\239\188\140\229\174\163\230\137\172\233\130\170\230\149\153\229\146\140\229\176\129\229\187\186\232\191\183\228\191\161\231\154\132\239\188\155\n        (6) \230\149\163\229\184\131\232\176\163\232\168\128\239\188\140\230\137\176\228\185\177\231\164\190\228\188\154\231\167\169\229\186\143\239\188\140\231\160\180\229\157\143\231\164\190\228\188\154\231\168\179\229\174\154\231\154\132\239\188\155\n        (7) \230\149\163\229\184\131\230\183\171\231\167\189\227\128\129\232\137\178\230\131\133\227\128\129\232\181\140\229\141\154\227\128\129\230\154\180\229\138\155\227\128\129\229\135\182\230\157\128\227\128\129\230\129\144\230\128\150\230\136\150\232\128\133\230\149\153\229\148\134\231\138\175\231\189\170\231\154\132\239\188\155\n        (8) \228\190\174\232\190\177\230\136\150\232\128\133\232\175\189\232\176\164\228\187\150\228\186\186\239\188\140\228\190\181\229\174\179\228\187\150\228\186\186\229\144\136\230\179\149\230\157\131\231\155\138\231\154\132\239\188\155\n        (9) \229\144\171\230\156\137\230\179\149\229\190\139\227\128\129\232\161\140\230\148\191\230\179\149\232\167\132\231\166\129\230\173\162\231\154\132\229\133\182\228\187\150\229\134\133\229\174\185\231\154\132\228\191\161\230\129\175\227\128\130\n        \228\186\140\227\128\129\230\156\172\230\184\184\230\136\143\230\137\128\230\156\137\231\180\160\230\157\144\229\157\135\230\157\165\232\135\170\228\186\146\232\129\148\231\189\145\239\188\140\229\166\130\233\129\135\228\190\181\230\157\131\232\175\183\232\129\148\231\179\187GM\229\136\160\233\153\164\227\128\130\n        \228\184\137\227\128\129\232\139\165\230\130\168\229\175\185\230\156\172\230\184\184\230\136\143\229\143\138\230\156\172\230\156\141\229\138\161\230\156\137\228\187\187\228\189\149\230\132\143\232\167\129\239\188\140\230\172\162\232\191\142\232\129\148\231\179\187\230\184\184\230\136\143\231\149\140\233\157\162\228\184\173\231\154\132\229\174\162\230\156\141\232\129\148\231\179\187\230\150\185\229\188\143\227\128\130\n    ""","        一、不得利用本软件或本软件服务制作、上载、复制、发送如下内容：
        (1) 反对宪法所确定的基本原则的；
        (2) 危害国家安全，泄露国家秘密，颠覆国家政权，破坏国家统一的；
        (3) 损害国家荣誉和利益的；
        (4) 煽动民族仇恨、民族歧视，破坏民族团结的；
        (5) 破坏国家宗教政策，宣扬邪教和封建迷信的；
        (6) 散布谣言，扰乱社会秩序，破坏社会稳定的；
        (7) 散布淫秽、色情、赌博、暴力、凶杀、恐怖或者教唆犯罪的；
        (8) 侮辱或者诽谤他人，侵害他人合法权益的；
        (9) 含有法律、行政法规禁止的其他内容的信息。
        二、本游戏所有素材均来自互联网，如遇侵权请联系GM删除。
        三、若您对本游戏及本服务有任何意见，欢迎联系游戏界面中的客服联系方式。
    ",true
P01,startup_iife,5,string,"""http://go.zejiang.wang/gv6""","""http://go.zejiang.wang/gv6""",http://go.zejiang.wang/gv6,true
P01,startup_iife,6,string,"""http://gate.zejiang.wang:88/gv6""","""http://gate.zejiang.wang:88/gv6""",http://gate.zejiang.wang:88/gv6,true
P01,startup_iife,7,string,"""81""","""81""",81,true
P01,startup_iife,8,string,"""88""","""88""",88,true
P01,startup_iife,9,string,"""89""","""89""",89,true
P01,startup_iife,10,string,"""90""","""90""",90,true
P01,startup_iife,11,string,"""91""","""91""",91,true
P01,startup_iife,12,string,"""92""","""92""",92,true
P01,startup_iife,13,string,"""93""","""93""",93,true
P01,startup_iife,14,string,"""94""","""94""",94,true
P01,startup_iife,15,string,"""http://tm2.zejiang.wang/gv6""","""http://tm2.zejiang.wang/gv6""",http://tm2.zejiang.wang/gv6,true
P01,startup_iife,16,string,"""http://tm3.zejiang.wang/gv6""","""http://tm3.zejiang.wang/gv6""",http://tm3.zejiang.wang/gv6,true
P01,startup_iife,17,string,"""http://sng.zejiang.wang:99/gv6""","""http://sng.zejiang.wang:99/gv6""",http://sng.zejiang.wang:99/gv6,true
P01,startup_iife,18,string,"""4""","""4""",4,true
P01,startup_iife,19,string,"""1""","""1""",1,true
P01,startup_iife,20,string,"""device""","""device""",device,true
P01,startup_iife,21,string,"""writablePath""","""writablePath""",writablePath,true
P01,startup_iife,22,string,"""cache/ao/""","""cache/ao/""",cache/ao/,true
P01,startup_iife,23,string,"""getinfo""","""getinfo""",getinfo,true
P01,startup_iife,24,string,"""string""","""string""",string,true
P01,startup_iife,25,string,"""len""","""len""",len,true
P01,startup_iife,26,string,"""gateIP""","""gateIP""",gateIP,true
P01,startup_iife,27,string,"""nofile""","""nofile""",nofile,true
P01,startup_iife,28,string,"""role""","""role""",role,true
P01,startup_iife,29,string,"""open""","""open""",open,true
P01,startup_iife,30,string,"""core_func_md5""","""core_func_md5""",core_func_md5,true
P01,startup_iife,31,string,"""stuff""","""stuff""",stuff,true
P01,startup_iife,32,string,"""999""","""999""",999,true
P01,startup_iife,33,string,"""io""","""io""",io,true
P01,startup_iife,34,string,"""exists""","""exists""",exists,true
P01,startup_iife,35,string,"""ycFunction""","""ycFunction""",ycFunction,true
P01,startup_iife,36,string,"""mkdir""","""mkdir""",mkdir,true
P01,startup_iife,37,string,"""math""","""math""",math,true
P01,startup_iife,38,string,"""floor""","""floor""",floor,true
P01,startup_iife,39,string,"""exp""","""exp""",exp,true
P01,startup_iife,40,string,"""sqrt""","""sqrt""",sqrt,true
P01,startup_iife,41,string,"""char""","""char""",char,true
P01,startup_iife,42,string,"""reverse""","""reverse""",reverse,true
P01,startup_iife,43,string,"""pcall""","""pcall""",pcall,true
P01,startup_iife,44,string,"""res/""","""res/""",res/,true
P01,startup_iife,45,string,"""format""","""format""",format,true
P01,startup_iife,46,string,"""core%s.zip""","""core%s.zip""",core%s.zip,true
P01,startup_iife,47,string,"""USE_ARM64""","""USE_ARM64""",USE_ARM64,true
P01,startup_iife,48,string,"""64""","""64""",64,true
P01,startup_iife,49,string,"""dcore%s.zip""","""dcore%s.zip""",dcore%s.zip,true
P01,startup_iife,50,string,"""an""","""an""",an,true
P01,startup_iife,51,string,"""newMsgbox""","""newMsgbox""",newMsgbox,true
P01,startup_iife,52,string,"""\228\189\160\231\154\132\231\153\187\233\153\134\229\153\168\228\184\141\230\152\175G\231\137\136\231\153\187\233\153\134\229\153\168\n\232\175\183\228\184\139\232\189\189bzmir.bin\239\188\129 ""","""\228\189\160\231\154\132\231\153\187\233\153\134\229\153\168\228\184\141\230\152\175G\231\137\136\231\153\187\233\153\134\229\153\168\n\232\175\183\228\184\139\232\189\189bzmir.bin\239\188\129 ""","你的登陆器不是G版登陆器
请下载bzmir.bin！ ",true
P01,startup_iife,53,string,"""center""","""center""",center,true
P01,startup_iife,54,string,"""close""","""close""",close,true
P01,startup_iife,55,string,"""scheduler""","""scheduler""",scheduler,true
P01,startup_iife,56,string,"""performWithDelayGlobal""","""performWithDelayGlobal""",performWithDelayGlobal,true
P01,startup_iife,57,string,"""6""","""6""",6,true
P01,startup_iife,58,string,"""cc""","""cc""",cc,true
P01,startup_iife,59,string,"""Crypto""","""Crypto""",Crypto,true
P01,startup_iife,60,string,"""decryptXXTEA""","""decryptXXTEA""",decryptXXTEA,true
P01,startup_iife,61,string,"""what""","""what""",what,true
P01,startup_iife,62,string,"""C""","""C""",C,true
P01,startup_iife,63,string,"""core_func_byby""","""core_func_byby""",core_func_byby,true
P01,startup_iife,64,string,"""\233\157\158\230\179\149hook""","""\233\157\158\230\179\149hook""",非法hook,true
P01,startup_iife,65,string,"""readfile""","""readfile""",readfile,true
P01,startup_iife,66,string,"""core\231\188\186\229\164\177""","""core\231\188\186\229\164\177""",core缺失,true
P01,startup_iife,67,string,"""core_func_decryptTEA""","""core_func_decryptTEA""",core_func_decryptTEA,true
P01,startup_iife,68,string,"""\231\136\178""","""\231\136\178""",爲,true
P01,startup_iife,69,string,"""core_func_writefile""","""core_func_writefile""",core_func_writefile,true
P01,startup_iife,70,string,"""LuaLoadChunksFromZIP""","""LuaLoadChunksFromZIP""",LuaLoadChunksFromZIP,true
P01,startup_iife,71,string,"""os""","""os""",os,true
P01,startup_iife,72,string,"""remove""","""remove""",remove,true
P01,startup_iife,73,string,"""hookcore%s.zip""","""hookcore%s.zip""",hookcore%s.zip,true
P01,startup_iife,74,string,"""set_helper""","""set_helper""",set_helper,true
P01,startup_iife,75,string,"""core_func_createNet""","""core_func_createNet""",core_func_createNet,true
P01,startup_iife,76,string,"""POST""","""POST""",POST,true
P01,startup_iife,77,string,"""getFileData""","""getFileData""",getFileData,true
P01,startup_iife,78,string,"""gplus.bin""","""gplus.bin""",gplus.bin,true
P01,startup_iife,79,string,"""smlt_""","""smlt_""",smlt_,true
P01,startup_iife,80,string,"""time""","""time""",time,true
P01,startup_iife,81,string,"""none""","""none""",none,true
P01,startup_iife,82,string,"""g_data""","""g_data""",g_data,true
P01,startup_iife,83,string,"""login""","""login""",login,true
P01,startup_iife,84,string,"""localLastSer""","""localLastSer""",localLastSer,true
P01,startup_iife,85,string,"""zonename""","""zonename""",zonename,true
P01,startup_iife,86,string,"""crypto""","""crypto""",crypto,true
P01,startup_iife,87,string,"""encodeBase64""","""encodeBase64""",encodeBase64,true
P01,startup_iife,88,string,"""setPOSTData""","""setPOSTData""",setPOSTData,true
P01,startup_iife,89,string,"""ip=""","""ip=""",ip=,true
P01,startup_iife,90,string,"""&uid=""","""&uid=""",&uid=,true
P01,startup_iife,91,string,"""&code=""","""&code=""",&code=,true
P01,startup_iife,92,string,"""&key=""","""&key=""",&key=,true
P01,startup_iife,93,string,"""decodeBase64""","""decodeBase64""",decodeBase64,true
P01,startup_iife,94,string,"""&version=""","""&version=""",&version=,true
P01,startup_iife,95,string,"""&zone=""","""&zone=""",&zone=,true
P01,startup_iife,96,string,"""setTimeout""","""setTimeout""",setTimeout,true
P01,startup_iife,97,string,"""start""","""start""",start,true
P02,key_fragment_rm,1,string,"""rM""","""rM""",rM,true
P03,key_fragment_a,1,string,"""A""","""A""",A,true
P05,decrypt_remote_content,1,string,"""cc""","""cc""",cc,true
P05,decrypt_remote_content,2,string,"""Crypto""","""Crypto""",Crypto,true
P05,decrypt_remote_content,3,string,"""decodeBase64""","""decodeBase64""",decodeBase64,true
P05,decrypt_remote_content,4,string,"""what""","""what""",what,true
P05,decrypt_remote_content,5,string,"""C""","""C""",C,true
P05,decrypt_remote_content,6,string,"""core_func_decryptTEA""","""core_func_decryptTEA""",core_func_decryptTEA,true
P05,decrypt_remote_content,7,string,"""core_func_decodeBase64""","""core_func_decodeBase64""",core_func_decodeBase64,true
P05,decrypt_remote_content,8,string,"""tostring""","""tostring""",tostring,true
P05,decrypt_remote_content,9,string,"""os""","""os""",os,true
P05,decrypt_remote_content,10,string,"""date""","""date""",date,true
P05,decrypt_remote_content,11,string,"""%Y%m""","""%Y%m""",%Y%m,true
P05,decrypt_remote_content,12,string,"""K""","""K""",K,true
P05,decrypt_remote_content,13,string,"""s""","""s""",s,true
P05,decrypt_remote_content,14,string,"""oLrt""","""oLrt""",oLrt,true
P05,decrypt_remote_content,15,string,"""def""","""def""",def,true
P05,decrypt_remote_content,16,string,"""role""","""role""",role,true
P05,decrypt_remote_content,17,string,"""stuff""","""stuff""",stuff,true
P05,decrypt_remote_content,18,string,"""core_func_exit""","""core_func_exit""",core_func_exit,true
P06,write_file,1,string,"""io""","""io""",io,true
P06,write_file,2,string,"""write""","""write""",write,true
P06,write_file,3,string,"""what""","""what""",what,true
P06,write_file,4,string,"""C""","""C""",C,true
P06,write_file,5,string,"""open""","""open""",open,true
P06,write_file,6,string,"""w+b""","""w+b""",w+b,true
P06,write_file,7,string,"""close""","""close""",close,true
P06,write_file,8,string,"""core_func_exit""","""core_func_exit""",core_func_exit,true
P07,execute_lua,1,string,"""pcall""","""pcall""",pcall,true
P07,execute_lua,2,string,"""what""","""what""",what,true
P07,execute_lua,3,string,"""C""","""C""",C,true
P07,execute_lua,4,string,"""core_func_exit""","""core_func_exit""",core_func_exit,true
P07,execute_lua,5,string,"""load""","""load""",load,true
P08,execute_lua_callback,1,string,"""load""","""load""",load,true
P09,load_cached_code,1,string,"""isloaded""","""isloaded""",isloaded,true
P09,load_cached_code,2,string,"""io""","""io""",io,true
P09,load_cached_code,3,string,"""exists""","""exists""",exists,true
P09,load_cached_code,4,string,""".bin""",""".bin""",.bin,true
P09,load_cached_code,5,string,"""readfile""","""readfile""",readfile,true
P09,load_cached_code,6,string,"""print""","""print""",print,true
P09,load_cached_code,7,string,"""m1""","""m1""",m1,true
P09,load_cached_code,8,string,"""nover""","""nover""",nover,true
P10,load_cached_version,1,string,"""io""","""io""",io,true
P10,load_cached_version,2,string,"""exists""","""exists""",exists,true
P10,load_cached_version,3,string,""".bin""",""".bin""",.bin,true
P10,load_cached_version,4,string,""".version""",""".version""",.version,true
P10,load_cached_version,5,string,"""readfile""","""readfile""",readfile,true
P11,save_cached_version,1,string,""".version""",""".version""",.version,true
P12,save_cached_content,1,string,""".bin""",""".bin""",.bin,true
P12,save_cached_content,2,string,"""print""","""print""",print,true
P12,save_cached_content,3,string,"""m2""","""m2""",m2,true
P13,request_backup_update,1,string,"""1""","""1""",1,true
P13,request_backup_update,2,string,"""def""","""def""",def,true
P13,request_backup_update,3,string,"""debugkey""","""debugkey""",debugkey,true
P13,request_backup_update,4,string,"""print""","""print""",print,true
P13,request_backup_update,5,string,"""\230\178\161\230\156\137\229\143\175\228\187\165\232\174\191\233\151\174\231\154\132\230\156\141\229\138\161\229\153\168""","""\230\178\161\230\156\137\229\143\175\228\187\165\232\174\191\233\151\174\231\154\132\230\156\141\229\138\161\229\153\168""",没有可以访问的服务器,true
P13,request_backup_update,6,string,"""dirty""","""dirty""",dirty,true
P13,request_backup_update,7,string,"""core_func_createNet""","""core_func_createNet""",core_func_createNet,true
P13,request_backup_update,8,string,"""POST""","""POST""",POST,true
P13,request_backup_update,9,string,"""ycFunction""","""ycFunction""",ycFunction,true
P13,request_backup_update,10,string,"""getFileData""","""getFileData""",getFileData,true
P13,request_backup_update,11,string,"""gplus.bin""","""gplus.bin""",gplus.bin,true
P13,request_backup_update,12,string,"""smlt_""","""smlt_""",smlt_,true
P13,request_backup_update,13,string,"""os""","""os""",os,true
P13,request_backup_update,14,string,"""time""","""time""",time,true
P13,request_backup_update,15,string,"""none""","""none""",none,true
P13,request_backup_update,16,string,"""g_data""","""g_data""",g_data,true
P13,request_backup_update,17,string,"""login""","""login""",login,true
P13,request_backup_update,18,string,"""localLastSer""","""localLastSer""",localLastSer,true
P13,request_backup_update,19,string,"""zonename""","""zonename""",zonename,true
P13,request_backup_update,20,string,"""crypto""","""crypto""",crypto,true
P13,request_backup_update,21,string,"""encodeBase64""","""encodeBase64""",encodeBase64,true
P13,request_backup_update,22,string,"""setPOSTData""","""setPOSTData""",setPOSTData,true
P13,request_backup_update,23,string,"""ip=""","""ip=""",ip=,true
P13,request_backup_update,24,string,"""&uid=""","""&uid=""",&uid=,true
P13,request_backup_update,25,string,"""&code=""","""&code=""",&code=,true
P13,request_backup_update,26,string,"""&key=""","""&key=""",&key=,true
P13,request_backup_update,27,string,"""decodeBase64""","""decodeBase64""",decodeBase64,true
P13,request_backup_update,28,string,"""role""","""role""",role,true
P13,request_backup_update,29,string,"""stuff""","""stuff""",stuff,true
P13,request_backup_update,30,string,"""&version=""","""&version=""",&version=,true
P13,request_backup_update,31,string,"""&zone=""","""&zone=""",&zone=,true
P13,request_backup_update,32,string,"""setTimeout""","""setTimeout""",setTimeout,true
P13,request_backup_update,33,string,"""6""","""6""",6,true
P13,request_backup_update,34,string,"""start""","""start""",start,true
P14,backup_network_callback,1,string,"""name""","""name""",name,true
P14,backup_network_callback,2,string,"""completed""","""completed""",completed,true
P14,backup_network_callback,3,string,"""failed""","""failed""",failed,true
P14,backup_network_callback,4,string,"""def""","""def""",def,true
P14,backup_network_callback,5,string,"""debugkey""","""debugkey""",debugkey,true
P14,backup_network_callback,6,string,"""print""","""print""",print,true
P14,backup_network_callback,7,string,"""backup not ok""","""backup not ok""",backup not ok,true
P14,backup_network_callback,8,string,"""request""","""request""",request,true
P14,backup_network_callback,9,string,"""getResponseStatusCode""","""getResponseStatusCode""",getResponseStatusCode,true
P14,backup_network_callback,10,string,"""200""","""200""",200,true
P14,backup_network_callback,11,string,"""getResponseData""","""getResponseData""",getResponseData,true
P14,backup_network_callback,12,string,"""u7bTrcq508Ow19bttcfCvMb3""","""u7bTrcq508Ow19bttcfCvMb3""",u7bTrcq508Ow19bttcfCvMb3,true
P14,backup_network_callback,13,string,"""core_func_exit""","""core_func_exit""",core_func_exit,true
P14,backup_network_callback,14,string,"""OK""","""OK""",OK,true
P14,backup_network_callback,15,string,"""same versions""","""same versions""",same versions,true
P14,backup_network_callback,16,string,"""isloaded""","""isloaded""",isloaded,true
P14,backup_network_callback,17,string,"""require""","""require""",require,true
P14,backup_network_callback,18,string,"""cjson""","""cjson""",cjson,true
P14,backup_network_callback,19,string,"""decode""","""decode""",decode,true
P14,backup_network_callback,20,string,"""json decode error""","""json decode error""",json decode error,true
P14,backup_network_callback,21,string,"""version""","""version""",version,true
P14,backup_network_callback,22,string,"""content""","""content""",content,true
P14,backup_network_callback,23,string,"""json format error""","""json format error""",json format error,true
P14,backup_network_callback,24,string,"""content decode error""","""content decode error""",content decode error,true
P14,backup_network_callback,25,string,"""run code error""","""run code error""",run code error,true
P15,backup_get_or_create_uuid,1,string,"""device""","""device""",device,true
P15,backup_get_or_create_uuid,2,string,"""writablePath""","""writablePath""",writablePath,true
P15,backup_get_or_create_uuid,3,string,"""bzuuid""","""bzuuid""",bzuuid,true
P15,backup_get_or_create_uuid,4,string,"""io""","""io""",io,true
P15,backup_get_or_create_uuid,5,string,"""exists""","""exists""",exists,true
P15,backup_get_or_create_uuid,6,string,"""crypto""","""crypto""",crypto,true
P15,backup_get_or_create_uuid,7,string,"""md5""","""md5""",md5,true
P15,backup_get_or_create_uuid,8,string,"""core_func_writefile""","""core_func_writefile""",core_func_writefile,true
P15,backup_get_or_create_uuid,9,string,"""readfile""","""readfile""",readfile,true
P16,request_primary_update,1,string,"""dirty""","""dirty""",dirty,true
P16,request_primary_update,2,string,"""def""","""def""",def,true
P16,request_primary_update,3,string,"""debugkey""","""debugkey""",debugkey,true
P16,request_primary_update,4,string,"""print""","""print""",print,true
P16,request_primary_update,5,string,"""core_func_createNet""","""core_func_createNet""",core_func_createNet,true
P16,request_primary_update,6,string,"""POST""","""POST""",POST,true
P16,request_primary_update,7,string,"""ycFunction""","""ycFunction""",ycFunction,true
P16,request_primary_update,8,string,"""getFileData""","""getFileData""",getFileData,true
P16,request_primary_update,9,string,"""gplus.bin""","""gplus.bin""",gplus.bin,true
P16,request_primary_update,10,string,"""smlt_""","""smlt_""",smlt_,true
P16,request_primary_update,11,string,"""os""","""os""",os,true
P16,request_primary_update,12,string,"""time""","""time""",time,true
P16,request_primary_update,13,string,"""none""","""none""",none,true
P16,request_primary_update,14,string,"""g_data""","""g_data""",g_data,true
P16,request_primary_update,15,string,"""login""","""login""",login,true
P16,request_primary_update,16,string,"""localLastSer""","""localLastSer""",localLastSer,true
P16,request_primary_update,17,string,"""zonename""","""zonename""",zonename,true
P16,request_primary_update,18,string,"""crypto""","""crypto""",crypto,true
P16,request_primary_update,19,string,"""encodeBase64""","""encodeBase64""",encodeBase64,true
P16,request_primary_update,20,string,"""setPOSTData""","""setPOSTData""",setPOSTData,true
P16,request_primary_update,21,string,"""ip=""","""ip=""",ip=,true
P16,request_primary_update,22,string,"""&uid=""","""&uid=""",&uid=,true
P16,request_primary_update,23,string,"""&code=""","""&code=""",&code=,true
P16,request_primary_update,24,string,"""&key=""","""&key=""",&key=,true
P16,request_primary_update,25,string,"""decodeBase64""","""decodeBase64""",decodeBase64,true
P16,request_primary_update,26,string,"""role""","""role""",role,true
P16,request_primary_update,27,string,"""stuff""","""stuff""",stuff,true
P16,request_primary_update,28,string,"""&version=""","""&version=""",&version=,true
P16,request_primary_update,29,string,"""&zone=""","""&zone=""",&zone=,true
P16,request_primary_update,30,string,"""setTimeout""","""setTimeout""",setTimeout,true
P16,request_primary_update,31,string,"""6""","""6""",6,true
P16,request_primary_update,32,string,"""start""","""start""",start,true
P17,primary_network_callback,1,string,"""name""","""name""",name,true
P17,primary_network_callback,2,string,"""completed""","""completed""",completed,true
P17,primary_network_callback,3,string,"""def""","""def""",def,true
P17,primary_network_callback,4,string,"""debugkey""","""debugkey""",debugkey,true
P17,primary_network_callback,5,string,"""print""","""print""",print,true
P17,primary_network_callback,6,string,"""failed""","""failed""",failed,true
P17,primary_network_callback,7,string,"""not ok""","""not ok""",not ok,true
P17,primary_network_callback,8,string,"""request""","""request""",request,true
P17,primary_network_callback,9,string,"""getResponseStatusCode""","""getResponseStatusCode""",getResponseStatusCode,true
P17,primary_network_callback,10,string,"""200""","""200""",200,true
P17,primary_network_callback,11,string,"""getResponseData""","""getResponseData""",getResponseData,true
P17,primary_network_callback,12,string,"""u7bTrcq508Ow19bttcfCvMb3""","""u7bTrcq508Ow19bttcfCvMb3""",u7bTrcq508Ow19bttcfCvMb3,true
P17,primary_network_callback,13,string,"""core_func_exit""","""core_func_exit""",core_func_exit,true
P17,primary_network_callback,14,string,"""OK""","""OK""",OK,true
P17,primary_network_callback,15,string,"""same version""","""same version""",same version,true
P17,primary_network_callback,16,string,"""isloaded""","""isloaded""",isloaded,true
P17,primary_network_callback,17,string,"""require""","""require""",require,true
P17,primary_network_callback,18,string,"""cjson""","""cjson""",cjson,true
P17,primary_network_callback,19,string,"""decode""","""decode""",decode,true
P17,primary_network_callback,20,string,"""json decode error""","""json decode error""",json decode error,true
P17,primary_network_callback,21,string,"""version""","""version""",version,true
P17,primary_network_callback,22,string,"""content""","""content""",content,true
P17,primary_network_callback,23,string,"""json format error""","""json format error""",json format error,true
P17,primary_network_callback,24,string,"""content decode error""","""content decode error""",content decode error,true
P17,primary_network_callback,25,string,"""run code error""","""run code error""",run code error,true
P18,primary_get_or_create_uuid,1,string,"""device""","""device""",device,true
P18,primary_get_or_create_uuid,2,string,"""writablePath""","""writablePath""",writablePath,true
P18,primary_get_or_create_uuid,3,string,"""bzuuid""","""bzuuid""",bzuuid,true
P18,primary_get_or_create_uuid,4,string,"""io""","""io""",io,true
P18,primary_get_or_create_uuid,5,string,"""exists""","""exists""",exists,true
P18,primary_get_or_create_uuid,6,string,"""crypto""","""crypto""",crypto,true
P18,primary_get_or_create_uuid,7,string,"""md5""","""md5""",md5,true
P18,primary_get_or_create_uuid,8,string,"""core_func_writefile""","""core_func_writefile""",core_func_writefile,true
P18,primary_get_or_create_uuid,9,string,"""readfile""","""readfile""",readfile,true
P19,build_key_parameters,1,string,"""phase_shift""","""phase_shift""",phase_shift,true
P19,build_key_parameters,2,string,"""0.5""","""0.5""",0.5,true
P19,build_key_parameters,3,string,"""exp_factor""","""exp_factor""",exp_factor,true
P19,build_key_parameters,4,string,"""2.302585093""","""2.302585093""",2.302585093,true
P19,build_key_parameters,5,string,"""char_offset""","""char_offset""",char_offset,true
P19,build_key_parameters,6,string,"""36""","""36""",36,true
P20,derive_core_archive_key,1,string,"""exp_factor""","""exp_factor""",exp_factor,true
P20,derive_core_archive_key,2,string,"""math""","""math""",math,true
P20,derive_core_archive_key,3,string,"""pi""","""pi""",pi,true
P20,derive_core_archive_key,4,string,"""3.1415926535""","""3.1415926535""",3.1415926535,true
P20,derive_core_archive_key,5,string,"""phase_shift""","""phase_shift""",phase_shift,true
P20,derive_core_archive_key,6,string,"""0.5""","""0.5""",0.5,true
P20,derive_core_archive_key,7,string,"""100""","""100""",100,true
P20,derive_core_archive_key,8,string,"""10""","""10""",10,true
P20,derive_core_archive_key,9,string,"""2""","""2""",2,true
P20,derive_core_archive_key,10,string,"""36""","""36""",36,true
P20,derive_core_archive_key,11,string,"""char_offset""","""char_offset""",char_offset,true
P20,derive_core_archive_key,12,string,"""72""","""72""",72,true
P20,derive_core_archive_key,13,string,"""15""","""15""",15,true
P20,derive_core_archive_key,14,string,"""57""","""57""",57,true
P20,derive_core_archive_key,15,string,"""25""","""25""",25,true
P20,derive_core_archive_key,16,string,"""82""","""82""",82,true
P20,derive_core_archive_key,17,string,"""9""","""9""",9,true
P20,derive_core_archive_key,18,string,"""33""","""33""",33,true
P20,derive_core_archive_key,19,string,"""42""","""42""",42,true
P20,derive_core_archive_key,20,string,"""52""","""52""",52,true
P20,derive_core_archive_key,21,string,"""94""","""94""",94,true
P20,derive_core_archive_key,22,string,"""65""","""65""",65,true
P20,derive_core_archive_key,23,string,"""gsub""","""gsub""",gsub,true
P20,derive_core_archive_key,24,string,"""[\022]""","""[\022]""",[],true
P20,derive_core_archive_key,25,string,"""HK""","""HK""",HK,true
P20,derive_core_archive_key,26,string,"""[\t]""","""[\t]""",[	],true
P20,derive_core_archive_key,27,string,"""EX""","""EX""",EX,true
P21,wrong_version_dialog_callback,1,string,"""1""","""1""",1,true
P21,wrong_version_dialog_callback,2,string,"""core_func_byby""","""core_func_byby""",core_func_byby,true
P21,wrong_version_dialog_callback,3,string,"""\228\184\141\230\152\175G\231\137\136\230\156\172""","""\228\184\141\230\152\175G\231\137\136\230\156\172""",不是G版本,true
P22,delayed_exit_callback,1,string,"""os""","""os""",os,true
P22,delayed_exit_callback,2,string,"""exit""","""exit""",exit,true
P23,globals.set_helper,1,string,"""def""","""def""",def,true
P23,globals.set_helper,2,string,"""role""","""role""",role,true
P23,globals.set_helper,3,string,"""helperID""","""helperID""",helperID,true
P24,startup_network_callback,1,string,"""name""","""name""",name,true
P24,startup_network_callback,2,string,"""completed""","""completed""",completed,true
P24,startup_network_callback,3,string,"""def""","""def""",def,true
P24,startup_network_callback,4,string,"""debugkey""","""debugkey""",debugkey,true
P24,startup_network_callback,5,string,"""print""","""print""",print,true
P24,startup_network_callback,6,string,"""failed""","""failed""",failed,true
P24,startup_network_callback,7,string,"""not ok""","""not ok""",not ok,true
P24,startup_network_callback,8,string,"""request""","""request""",request,true
P24,startup_network_callback,9,string,"""getResponseStatusCode""","""getResponseStatusCode""",getResponseStatusCode,true
P24,startup_network_callback,10,string,"""200""","""200""",200,true
P24,startup_network_callback,11,string,"""getResponseData""","""getResponseData""",getResponseData,true
P24,startup_network_callback,12,string,"""u7bTrcq508Ow19bttcfCvMb3""","""u7bTrcq508Ow19bttcfCvMb3""",u7bTrcq508Ow19bttcfCvMb3,true
P24,startup_network_callback,13,string,"""core_func_exit""","""core_func_exit""",core_func_exit,true
P24,startup_network_callback,14,string,"""OK""","""OK""",OK,true
P24,startup_network_callback,15,string,"""same version""","""same version""",same version,true
P24,startup_network_callback,16,string,"""isloaded""","""isloaded""",isloaded,true
P24,startup_network_callback,17,string,"""require""","""require""",require,true
P24,startup_network_callback,18,string,"""cjson""","""cjson""",cjson,true
P24,startup_network_callback,19,string,"""decode""","""decode""",decode,true
P24,startup_network_callback,20,string,"""json decode error""","""json decode error""",json decode error,true
P24,startup_network_callback,21,string,"""version""","""version""",version,true
P24,startup_network_callback,22,string,"""content""","""content""",content,true
P24,startup_network_callback,23,string,"""json format error""","""json format error""",json format error,true
P24,startup_network_callback,24,string,"""content decode error""","""content decode error""",content decode error,true
P24,startup_network_callback,25,string,"""run code error""","""run code error""",run code error,true
P25,startup_get_or_create_uuid,1,string,"""device""","""device""",device,true
P25,startup_get_or_create_uuid,2,string,"""writablePath""","""writablePath""",writablePath,true
P25,startup_get_or_create_uuid,3,string,"""bzuuid""","""bzuuid""",bzuuid,true
P25,startup_get_or_create_uuid,4,string,"""io""","""io""",io,true
P25,startup_get_or_create_uuid,5,string,"""exists""","""exists""",exists,true
P25,startup_get_or_create_uuid,6,string,"""crypto""","""crypto""",crypto,true
P25,startup_get_or_create_uuid,7,string,"""md5""","""md5""",md5,true
P25,startup_get_or_create_uuid,8,string,"""core_func_writefile""","""core_func_writefile""",core_func_writefile,true
P25,startup_get_or_create_uuid,9,string,"""readfile""","""readfile""",readfile,true
