prototype_id,function_name,local_index,binding_id,declaration_kind,original_name,readable_name,original_scope_id,readable_scope_id,original_declaration_location,readable_declaration_location,start_pc,end_pc,pc_lifetime_length,original_same_name_count_in_function,readable_same_name_count_in_function,original_same_name_reused_in_same_function,readable_same_name_reused_in_same_function,participates_in_lexical_shadow_relation,shadows_binding,is_shadowed_by_binding,listing_name_matches_ast,declaration_kind_equal,scope_binding_equal,pc_lifetime_equal,binding_equivalent
P00,<chunk>,0,P00:L000,local,a,unused_number_17,S000,S000,1:7,7:7,2,23,21,1,1,false,false,false,false,false,true,true,true,true,true
P00,<chunk>,1,P00:L001,local,b,unused_number_34,S000,S000,1:18,8:7,3,23,20,1,1,false,false,false,false,false,true,true,true,true,true
P00,<chunk>,2,P00:L002,local,c,unused_number_23,S000,S000,1:29,9:7,4,23,19,1,1,false,false,false,false,false,true,true,true,true,true
P00,<chunk>,3,P00:L003,local,d,false_value,S000,S000,1:40,10:7,8,23,15,1,1,false,false,false,false,false,true,true,true,true,true
P00,<chunk>,4,P00:L004,local,e,true_value,S000,S000,1:53,11:7,9,23,14,1,1,false,false,false,false,false,true,true,true,true,true
P00,<chunk>,5,P00:L005,local,f,nil_value,S000,S000,1:67,12:7,10,23,13,1,1,false,false,false,false,false,true,true,true,true,true
P00,<chunk>,6,P00:L006,local,g,empty_string,S000,S000,1:79,13:7,11,23,12,1,1,false,false,false,false,false,true,true,true,true,true
P00,<chunk>,7,P00:L007,local,h,globals,S000,S000,1:89,14:7,12,23,11,1,1,false,false,false,false,false,true,true,true,true,true
P00,<chunk>,8,P00:L008,local,i,unused_environment,S000,S000,1:100,15:7,13,23,10,1,1,false,false,false,false,false,true,true,true,true,true
P00,<chunk>,9,P00:L009,local,j,to_number,S000,S000,1:113,16:7,14,23,9,1,1,false,false,false,false,false,true,true,true,true,true
P01,startup_iife,0,P01:L000,implicit_vararg,arg,arg,S001,S001,1:167,17:18,1,457,456,1,1,false,false,false,false,false,true,true,true,true,true
P01,startup_iife,1,P01:L001,local,k,primary_update_url,S001,S001,1:4048,36:11,9,457,448,1,1,false,false,false,false,false,true,true,true,true,true
P01,startup_iife,2,P01:L002,local,l,default_backup_url,S001,S001,1:4153,37:11,10,457,447,1,1,false,false,false,false,false,true,true,true,true,true
P01,startup_iife,3,P01:L003,local,m,unused_port_list,S001,S001,1:4274,38:11,20,457,437,1,1,false,false,false,false,false,true,true,true,true,true
P01,startup_iife,4,P01:L004,local,n,backup_update_urls,S001,S001,1:4355,39:11,26,457,431,1,1,false,false,false,false,false,true,true,true,true,true
P01,startup_iife,5,P01:L005,local,o,current_update_url,S001,S001,1:4791,45:11,27,457,430,1,1,false,false,false,false,false,true,true,true,true,true
P01,startup_iife,6,P01:L006,local,p,backup_url_count,S001,S001,1:4801,46:11,30,457,427,1,1,false,false,false,false,false,true,true,true,true,true
P01,startup_iife,7,P01:L007,local,q,backup_url_index,S001,S001,1:4817,47:11,33,457,424,1,1,false,false,false,false,false,true,true,true,true,true
P01,startup_iife,8,P01:L008,local,r,cache_directory,S001,S001,1:4833,49:11,38,457,419,1,1,false,false,false,false,false,true,true,true,true,true
P01,startup_iife,9,P01:L009,local,s,unused_false_flag,S001,S001,1:4951,50:11,39,457,418,1,1,false,false,false,false,false,true,true,true,true,true
P01,startup_iife,10,P01:L010,local,t,get_info,S001,S001,1:4961,51:11,41,457,416,1,1,false,false,false,false,false,true,true,true,true,true
P01,startup_iife,11,P01:L011,local,u,unused_string_length,S001,S001,1:5002,52:11,44,457,413,1,1,false,false,false,false,false,true,true,true,true,true
P01,startup_iife,12,P01:L012,local,v,cached_code_loaded,S001,S001,1:5055,53:11,45,457,412,1,1,false,false,false,false,false,true,true,true,true,true
P01,startup_iife,13,P01:L013,local,w,gate_ip,S001,S001,1:5065,54:11,48,457,409,1,1,false,false,false,false,false,true,true,true,true,true
P01,startup_iife,14,P01:L014,local_function,x,key_fragment_rm,S001,S001,1:5124,55:20,49,457,408,1,1,false,false,false,false,false,true,true,true,true,true
P01,startup_iife,15,P01:L015,local,y,local_version,S001,S001,1:5152,58:11,50,457,407,1,1,false,false,true,false,true,true,true,true,true,true
P01,startup_iife,16,P01:L016,local_function,z,key_fragment_a,S001,S001,1:5255,60:20,56,457,401,1,1,false,false,false,false,false,true,true,true,true,true
P01,startup_iife,17,P01:L017,local,A,cache_file_base,S001,S001,1:5279,63:11,68,457,389,1,1,false,false,false,false,false,true,true,true,true,true
P01,startup_iife,18,P01:L018,local_function,B,identity,S001,S001,1:5599,67:20,83,457,374,1,1,false,false,false,false,false,true,true,true,true,true
P01,startup_iife,19,P01:L019,local_function,D,decrypt_remote_content,S001,S001,1:5631,71:20,88,457,369,1,1,false,false,false,false,false,true,true,true,true,true
P01,startup_iife,20,P01:L020,local_function,F,write_file,S001,S001,1:6299,83:20,94,457,363,1,1,false,false,false,false,false,true,true,true,true,true
P01,startup_iife,21,P01:L021,local_function,J,execute_lua,S001,S001,1:6654,99:20,97,457,360,1,1,false,false,false,false,false,true,true,true,true,true
P01,startup_iife,22,P01:L022,local_function,L,load_cached_code,S001,S001,1:7002,112:20,106,457,351,1,1,false,false,false,false,false,true,true,true,true,true
P01,startup_iife,23,P01:L023,local_function,P,load_cached_version,S001,S001,1:7374,133:20,110,457,347,1,1,false,false,false,false,false,true,true,true,true,true
P01,startup_iife,24,P01:L024,local_function,Q,save_cached_version,S001,S001,1:7672,142:20,113,457,344,1,1,false,false,false,false,false,true,true,true,true,true
P01,startup_iife,25,P01:L025,local_function,R,save_cached_content,S001,S001,1:7736,145:20,117,457,340,1,1,false,false,false,false,false,true,true,true,true,true
P01,startup_iife,26,P01:L026,local_function,S,request_backup_update,S001,S001,1:7819,150:20,135,457,322,1,1,false,false,false,false,false,true,true,true,true,true
P01,startup_iife,27,P01:L027,local_function,a6,request_primary_update,S001,S001,1:12000,270:20,152,457,305,1,1,false,false,false,false,false,true,true,true,true,true
P01,startup_iife,28,P01:L028,local,a8,math_floor,S001,S001,1:15995,383:11,161,457,296,1,1,false,false,false,false,false,true,true,true,true,true
P01,startup_iife,29,P01:L029,local,a9,math_exp,S001,S001,1:15998,383:23,161,457,296,1,1,false,false,false,false,false,true,true,true,true,true
P01,startup_iife,30,P01:L030,local,aa,math_sqrt,S001,S001,1:16001,383:33,161,457,296,1,1,false,false,false,false,false,true,true,true,true,true
P01,startup_iife,31,P01:L031,local,ab,string_char,S001,S001,1:16132,384:11,167,457,290,1,1,false,false,false,false,false,true,true,true,true,true
P01,startup_iife,32,P01:L032,local,ac,string_reverse,S001,S001,1:16135,384:24,167,457,290,1,1,false,false,false,false,false,true,true,true,true,true
P01,startup_iife,33,P01:L033,local_function,ad,build_key_parameters,S001,S001,1:16262,385:20,169,457,288,1,1,false,false,false,false,false,true,true,true,true,true
P01,startup_iife,34,P01:L034,local_function,ae,derive_core_archive_key,S001,S001,1:16493,392:20,178,457,279,1,1,false,false,false,false,false,true,true,true,true,true
P01,startup_iife,35,P01:L035,local,am,key_derivation_ok,S001,S001,1:17123,417:11,182,457,275,1,1,false,false,false,false,false,true,true,true,true,true
P01,startup_iife,36,P01:L036,local,an,core_archive_key,S001,S001,1:17126,417:30,182,457,275,1,1,false,false,false,false,false,true,true,true,true,true
P01,startup_iife,37,P01:L037,local,ao,resource_directory,S001,S001,1:17162,418:11,187,457,270,1,1,false,false,false,false,false,true,true,true,true,true
P01,startup_iife,38,P01:L038,local,ap,encrypted_core_archive_name,S001,S001,1:17266,419:11,200,457,257,1,1,false,false,false,false,false,true,true,true,true,true
P01,startup_iife,39,P01:L039,local,aq,decrypted_core_archive_name,S001,S001,1:17420,420:11,213,457,244,1,1,false,false,false,false,false,true,true,true,true,true
P01,startup_iife,40,P01:L040,local,a0,file_data_result,S001,S001,1:18718,438:11,279,457,178,2,2,true,true,true,false,true,true,true,true,true,true
P01,startup_iife,41,P01:L041,local,as,decrypted_core_archive,S001,S001,1:18900,442:11,292,457,165,1,1,false,false,false,false,false,true,true,true,true,true
P01,startup_iife,42,P01:L042,local,U,version_tag,S001,S001,1:19711,457:11,354,457,103,1,1,false,false,false,false,false,true,true,true,true,true
P01,startup_iife,43,P01:L043,local,X,request,S001,S001,1:19857,462:11,377,457,80,1,1,false,false,false,false,false,true,true,true,true,true
P01,startup_iife,44,P01:L044,local,a0,file_data_result,S001,S001,1:22049,532:11,385,457,72,2,2,true,true,true,true,false,true,true,true,true,true
P01,startup_iife,45,P01:L045,local,a1,gplus_file_md5,S001,S001,1:22052,532:29,385,457,72,1,1,false,false,false,false,false,true,true,true,true,true
P01,startup_iife,46,P01:L046,local_function,a2,get_or_create_uuid,S001,S001,1:22239,533:20,387,457,70,1,1,false,false,false,false,false,true,true,true,true,true
P01,startup_iife,47,P01:L047,local,a4,client_uid,S001,S001,1:22627,542:11,397,457,60,1,1,false,false,false,false,false,true,true,true,true,true
P01,startup_iife,48,P01:L048,local,a5,zone_name_base64,S001,S001,1:22701,543:11,398,457,59,1,1,false,false,false,false,false,true,true,true,true,true
P04,identity,0,P04:L000,parameter,C,value,S006,S006,1:5601,67:29,1,2,1,1,1,false,false,false,false,false,true,true,true,true,true
P05,decrypt_remote_content,0,P05:L000,parameter,E,content,S007,S007,1:5633,71:43,1,46,45,1,1,false,false,false,false,false,true,true,true,true,true
P06,write_file,0,P06:L000,parameter,G,file_path,S010,S010,1:6301,83:31,1,40,39,1,1,false,false,false,false,false,true,true,true,true,true
P06,write_file,1,P06:L001,parameter,H,file_data,S010,S010,1:6303,83:42,1,40,39,1,1,false,false,false,false,false,true,true,true,true,true
P06,write_file,2,P06:L002,local,I,file_handle,S011,S011,1:6385,85:19,15,36,21,1,1,false,false,false,false,false,true,true,true,true,true
P07,execute_lua,0,P07:L000,parameter,K,lua_source,S016,S016,1:6656,99:32,1,30,29,1,1,false,false,false,false,false,true,true,true,true,true
P09,load_cached_code,0,P09:L000,local,M,cached_data,S023,S023,1:7136,117:19,22,43,21,1,1,false,false,false,false,false,true,true,true,true,true
P09,load_cached_code,1,P09:L001,local,N,success,S025,S025,1:7239,121:27,33,43,10,1,1,false,false,false,false,false,true,true,true,true,true
P09,load_cached_code,2,P09:L002,local,O,execution_error,S025,S025,1:7241,121:36,33,43,10,1,1,false,false,false,false,false,true,true,true,true,true
P10,load_cached_version,0,P10:L000,local,M,cached_data,S028,S028,1:7536,135:19,26,30,4,1,1,false,false,false,false,false,true,true,true,true,true
P11,save_cached_version,0,P11:L000,parameter,y,local_version,S030,S030,1:7674,142:40,1,7,6,1,1,false,false,true,true,false,true,true,true,true,true
P12,save_cached_content,0,P12:L000,parameter,E,content,S031,S031,1:7738,145:40,1,11,10,1,1,false,false,false,false,false,true,true,true,true,true
P13,request_backup_update,0,P13:L000,parameter,T,force_refresh,S032,S032,1:7821,150:42,1,139,138,1,1,false,false,false,false,false,true,true,true,true,true
P13,request_backup_update,1,P13:L001,local,U,version_tag,S032,S032,1:8103,162:15,29,139,110,1,1,false,false,false,false,false,true,true,true,true,true
P13,request_backup_update,2,P13:L002,local,V,backup_request,S032,S032,1:8243,169:15,59,139,80,1,1,false,false,false,false,false,true,true,true,true,true
P13,request_backup_update,3,P13:L003,local,a0,file_data_result,S032,S032,1:10339,235:15,67,139,72,1,1,false,false,false,false,false,true,true,true,true,true
P13,request_backup_update,4,P13:L004,local,a1,gplus_file_md5,S032,S032,1:10342,235:33,67,139,72,1,1,false,false,false,false,false,true,true,true,true,true
P13,request_backup_update,5,P13:L005,local_function,a2,get_or_create_uuid,S032,S032,1:10529,237:24,69,139,70,1,1,false,false,false,false,false,true,true,true,true,true
P13,request_backup_update,6,P13:L006,local,a4,client_uid,S032,S032,1:10917,246:15,79,139,60,1,1,false,false,false,false,false,true,true,true,true,true
P13,request_backup_update,7,P13:L007,local,a5,zone_name_base64,S032,S032,1:10991,247:15,80,139,59,1,1,false,false,false,false,false,true,true,true,true,true
P14,backup_network_callback,0,P14:L000,parameter,W,backup_event,S039,S039,1:8329,169:69,1,149,148,1,1,false,false,false,false,false,true,true,true,true,true
P14,backup_network_callback,1,P14:L001,local,X,request,S039,S039,1:8618,179:19,21,149,128,1,1,false,false,false,false,false,true,true,true,true,true
P14,backup_network_callback,2,P14:L002,local,Y,status_code,S039,S039,1:8659,180:19,24,149,125,1,1,false,false,false,false,false,true,true,true,true,true
P14,backup_network_callback,3,P14:L003,local,E,content,S039,S039,1:8791,184:19,33,149,116,1,1,false,false,false,false,false,true,true,true,true,true
P14,backup_network_callback,4,P14:L004,local,Z,json_module,S044,S044,1:9269,198:23,67,145,78,1,1,false,false,false,false,false,true,true,true,true,true
P14,backup_network_callback,5,P14:L005,local,_,response_json,S044,S044,1:9333,199:23,70,145,75,1,1,false,false,false,false,false,true,true,true,true,true
P14,backup_network_callback,6,P14:L006,local,K,lua_source,S044,S044,1:9809,213:23,106,145,39,1,1,false,false,false,false,false,true,true,true,true,true
P14,backup_network_callback,7,P14:L007,local,N,success,S055,S055,1:10044,220:27,124,145,21,1,1,false,false,false,false,false,true,true,true,true,true
P14,backup_network_callback,8,P14:L008,local,O,execution_error,S055,S055,1:10046,220:36,124,145,21,1,1,false,false,false,false,false,true,true,true,true,true
P15,backup_get_or_create_uuid,0,P15:L000,parameter,a3,uuid_seed,S060,S060,1:10532,237:43,1,31,30,1,1,false,false,false,false,false,true,true,true,true,true
P15,backup_get_or_create_uuid,1,P15:L001,local,G,file_path,S060,S060,1:10541,238:19,6,31,25,1,1,false,false,false,false,false,true,true,true,true,true
P16,request_primary_update,0,P16:L000,parameter,T,force_refresh,S063,S063,1:12003,270:43,1,113,112,1,1,false,false,false,false,false,true,true,true,true,true
P16,request_primary_update,1,P16:L001,local,U,version_tag,S063,S063,1:12011,271:15,2,113,111,1,1,false,false,false,false,false,true,true,true,true,true
P16,request_primary_update,2,P16:L002,local,X,request,S063,S063,1:12151,278:15,33,113,80,1,1,false,false,false,false,false,true,true,true,true,true
P16,request_primary_update,3,P16:L003,local,a0,file_data_result,S063,S063,1:14343,348:15,41,113,72,1,1,false,false,false,false,false,true,true,true,true,true
P16,request_primary_update,4,P16:L004,local,a1,gplus_file_md5,S063,S063,1:14346,348:33,41,113,72,1,1,false,false,false,false,false,true,true,true,true,true
P16,request_primary_update,5,P16:L005,local_function,a2,get_or_create_uuid,S063,S063,1:14533,350:24,43,113,70,1,1,false,false,false,false,false,true,true,true,true,true
P16,request_primary_update,6,P16:L006,local,a4,client_uid,S063,S063,1:14921,359:15,53,113,60,1,1,false,false,false,false,false,true,true,true,true,true
P16,request_primary_update,7,P16:L007,local,a5,zone_name_base64,S063,S063,1:14995,360:15,54,113,59,1,1,false,false,false,false,false,true,true,true,true,true
P17,primary_network_callback,0,P17:L000,parameter,a7,network_event,S066,S066,1:12237,278:62,1,159,158,1,1,false,false,false,false,false,true,true,true,true,true
P17,primary_network_callback,1,P17:L001,local,X,request,S066,S066,1:12617,291:19,30,159,129,1,1,false,false,false,false,false,true,true,true,true,true
P17,primary_network_callback,2,P17:L002,local,Y,status_code,S066,S066,1:12659,292:19,33,159,126,1,1,false,false,false,false,false,true,true,true,true,true
P17,primary_network_callback,3,P17:L003,local,E,content,S066,S066,1:12791,296:19,42,159,117,1,1,false,false,false,false,false,true,true,true,true,true
P17,primary_network_callback,4,P17:L004,local,Z,json_module,S072,S072,1:13273,311:23,77,155,78,1,1,false,false,false,false,false,true,true,true,true,true
P17,primary_network_callback,5,P17:L005,local,_,response_json,S072,S072,1:13337,312:23,80,155,75,1,1,false,false,false,false,false,true,true,true,true,true
P17,primary_network_callback,6,P17:L006,local,K,lua_source,S072,S072,1:13813,326:23,116,155,39,1,1,false,false,false,false,false,true,true,true,true,true
P17,primary_network_callback,7,P17:L007,local,N,success,S083,S083,1:14048,333:27,134,155,21,1,1,false,false,false,false,false,true,true,true,true,true
P17,primary_network_callback,8,P17:L008,local,O,execution_error,S083,S083,1:14050,333:36,134,155,21,1,1,false,false,false,false,false,true,true,true,true,true
P18,primary_get_or_create_uuid,0,P18:L000,parameter,a3,uuid_seed,S088,S088,1:14536,350:43,1,31,30,1,1,false,false,false,false,false,true,true,true,true,true
P18,primary_get_or_create_uuid,1,P18:L001,local,G,file_path,S088,S088,1:14545,351:19,6,31,25,1,1,false,false,false,false,false,true,true,true,true,true
P20,derive_core_archive_key,0,P20:L000,local,af,key_parameters,S092,S092,1:16503,393:15,3,109,106,1,1,false,false,false,false,false,true,true,true,true,true
P20,derive_core_archive_key,1,P20:L001,local,ag,exponential_base,S092,S092,1:16516,394:15,8,109,101,1,1,false,false,false,false,false,true,true,true,true,true
P20,derive_core_archive_key,2,P20:L002,local,ah,phase_value,S092,S092,1:16576,395:15,18,109,91,1,1,false,false,false,false,false,true,true,true,true,true
P20,derive_core_archive_key,3,P20:L003,local,ai,scaled_phase,S092,S092,1:16713,397:15,28,109,81,1,1,false,false,false,false,false,true,true,true,true,true
P20,derive_core_archive_key,4,P20:L004,local,aj,scale_factor,S092,S092,1:16758,398:15,39,109,70,1,1,false,false,false,false,false,true,true,true,true,true
P20,derive_core_archive_key,5,P20:L005,local,ak,scaled_product,S092,S092,1:16799,399:15,40,109,69,1,1,false,false,false,false,false,true,true,true,true,true
P20,derive_core_archive_key,6,P20:L006,local,al,square_root,S092,S092,1:16814,400:15,43,109,66,1,1,false,false,false,false,false,true,true,true,true,true
P21,wrong_version_dialog_callback,0,P21:L000,parameter,ar,button_index,S095,S095,1:18092,425:101,1,10,9,1,1,false,false,false,false,false,true,true,true,true,true
P23,globals.set_helper,0,P23:L000,parameter,at,helper_id,S101,S101,1:19769,459:35,1,5,4,1,1,false,false,false,false,false,true,true,true,true,true
P24,startup_network_callback,0,P24:L000,parameter,a7,network_event,S102,S102,1:19943,462:58,1,159,158,1,1,false,false,false,false,false,true,true,true,true,true
P24,startup_network_callback,1,P24:L001,local,X,request,S102,S102,1:20323,475:15,30,159,129,1,1,false,false,false,false,false,true,true,true,true,true
P24,startup_network_callback,2,P24:L002,local,Y,status_code,S102,S102,1:20365,476:15,33,159,126,1,1,false,false,false,false,false,true,true,true,true,true
P24,startup_network_callback,3,P24:L003,local,E,content,S102,S102,1:20497,480:15,42,159,117,1,1,false,false,false,false,false,true,true,true,true,true
P24,startup_network_callback,4,P24:L004,local,Z,json_module,S108,S108,1:20979,495:19,77,155,78,1,1,false,false,false,false,false,true,true,true,true,true
P24,startup_network_callback,5,P24:L005,local,_,response_json,S108,S108,1:21043,496:19,80,155,75,1,1,false,false,false,false,false,true,true,true,true,true
P24,startup_network_callback,6,P24:L006,local,K,lua_source,S108,S108,1:21519,510:19,116,155,39,1,1,false,false,false,false,false,true,true,true,true,true
P24,startup_network_callback,7,P24:L007,local,N,success,S119,S119,1:21754,517:23,134,155,21,1,1,false,false,false,false,false,true,true,true,true,true
P24,startup_network_callback,8,P24:L008,local,O,execution_error,S119,S119,1:21756,517:32,134,155,21,1,1,false,false,false,false,false,true,true,true,true,true
P25,startup_get_or_create_uuid,0,P25:L000,parameter,a3,uuid_seed,S124,S124,1:22242,533:39,1,31,30,1,1,false,false,false,false,false,true,true,true,true,true
P25,startup_get_or_create_uuid,1,P25:L001,local,G,file_path,S124,S124,1:22251,534:15,6,31,25,1,1,false,false,false,false,false,true,true,true,true,true
