occurrence_id,kind,original_name,readable_name,static_name,original_location,readable_location,original_syntax,readable_syntax,kind_equal,name_equal,runtime_name_equivalent
1,field_access,tonumber,tonumber,true,1:115-1:151,16:19-16:35,"[""\116\111\110\117\109\98\101\114""]",.tonumber,true,true,true
2,field_access,showUserAgreement,showUserAgreement,true,1:174-1:261,19:8-19:37,"[""\115\104\111\119\85\115\101\114\65\103\114\101\101\109\101\110\116""]",.showUserAgreement,true,true,true
3,field_access,def,def,true,1:174-1:191,19:8-19:19,"[""\100\101\102""]",.def,true,true,true
4,field_access,argeementText,argeementText,true,1:266-1:321,20:9-20:30,"[""\97\114\103\101\101\109\101\110\116\84\101\120\116""]",.argeementText,true,true,true
5,field_access,writablePath,writablePath,true,1:4835-1:4911,49:29-49:56,"[""\119\114\105\116\97\98\108\101\80\97\116\104""]",.writablePath,true,true,true
6,field_access,device,device,true,1:4835-1:4863,49:29-49:43,"[""\100\101\118\105\99\101""]",.device,true,true,true
7,field_access,getinfo,getinfo,true,1:4963-1:4996,51:22-51:37,"[""\103\101\116\105\110\102\111""]",.getinfo,true,true,true
8,field_access,len,len,true,1:5004-1:5049,52:34-52:52,"[""\108\101\110""]",.len,true,true,true
9,field_access,string,string,true,1:5004-1:5033,52:34-52:48,"[""\115\116\114\105\110\103""]",.string,true,true,true
10,field_access,gateIP,gateIP,true,1:5067-1:5109,54:21-54:39,"[""\103\97\116\101\73\80""]",.gateIP,true,true,true
11,field_access,def,def,true,1:5067-1:5084,54:21-54:32,"[""\100\101\102""]",.def,true,true,true
12,field_access,open,open,true,1:5180-1:5237,59:5-59:26,"[""\111\112\101\110""]",.open,true,true,true
13,field_access,role,role,true,1:5180-1:5217,59:5-59:21,"[""\114\111\108\101""]",.role,true,true,true
14,field_access,def,def,true,1:5180-1:5197,59:5-59:16,"[""\100\101\102""]",.def,true,true,true
15,field_access,core_func_md5,core_func_md5,true,1:5284-1:5336,63:48-63:69,"[""\99\111\114\101\95\102\117\110\99\95\109\100\53""]",.core_func_md5,true,true,true
16,field_access,stuff,stuff,true,1:5337-1:5398,63:70-63:92,"[""\115\116\117\102\102""]",.stuff,true,true,true
17,field_access,role,role,true,1:5337-1:5374,63:70-63:86,"[""\114\111\108\101""]",.role,true,true,true
18,field_access,def,def,true,1:5337-1:5354,63:70-63:81,"[""\100\101\102""]",.def,true,true,true
19,field_access,exists,exists,true,1:5419-1:5460,64:12-64:29,"[""\101\120\105\115\116\115""]",.exists,true,true,true
20,field_access,io,io,true,1:5419-1:5432,64:12-64:22,"[""\105\111""]",.io,true,true,true
21,field_access,mkdir,mkdir,true,1:5468-1:5534,65:9-65:33,"[""\109\107\100\105\114""]",.mkdir,true,true,true
22,field_access,ycFunction,ycFunction,true,1:5468-1:5510,65:9-65:27,"[""\121\99\70\117\110\99\116\105\111\110""]",.ycFunction,true,true,true
23,field_access,ycFunction,ycFunction,true,1:5535-1:5577,65:34-65:52,"[""\121\99\70\117\110\99\116\105\111\110""]",.ycFunction,true,true,true
24,field_access,what,what,true,1:5638-1:5745,72:12-72:57,"[""\119\104\97\116""]",.what,true,true,true
25,field_access,decodeBase64,decodeBase64,true,1:5640-1:5725,72:21-72:51,"[""\100\101\99\111\100\101\66\97\115\101\54\52""]",.decodeBase64,true,true,true
26,field_access,Crypto,Crypto,true,1:5640-1:5678,72:21-72:38,"[""\67\114\121\112\116\111""]",.Crypto,true,true,true
27,field_access,cc,cc,true,1:5640-1:5651,72:21-72:31,"[""\99\99""]",.cc,true,true,true
28,field_access,core_func_decryptTEA,core_func_decryptTEA,true,1:5764-1:5841,73:20-73:48,"[""\99\111\114\101\95\102\117\110\99\95\100\101\99\114\121\112\116\84\69\65""]",.core_func_decryptTEA,true,true,true
29,field_access,core_func_decodeBase64,core_func_decodeBase64,true,1:5842-1:5926,74:17-74:47,"[""\99\111\114\101\95\102\117\110\99\95\100\101\99\111\100\101\66\97\115\101\54\52""]",.core_func_decodeBase64,true,true,true
30,field_access,tostring,tostring,true,1:5930-1:5967,75:17-75:33,"[""\116\111\115\116\114\105\110\103""]",.tostring,true,true,true
31,field_access,date,date,true,1:5968-1:6000,75:34-75:49,"[""\100\97\116\101""]",.date,true,true,true
32,field_access,os,os,true,1:5968-1:5981,75:34-75:44,"[""\111\115""]",.os,true,true,true
33,field_access,core_func_decodeBase64,core_func_decodeBase64,true,1:6020-1:6104,76:24-76:54,"[""\99\111\114\101\95\102\117\110\99\95\100\101\99\111\100\101\66\97\115\101\54\52""]",.core_func_decodeBase64,true,true,true
34,field_access,stuff,stuff,true,1:6150-1:6211,77:24-77:46,"[""\115\116\117\102\102""]",.stuff,true,true,true
35,field_access,role,role,true,1:6150-1:6187,77:24-77:40,"[""\114\111\108\101""]",.role,true,true,true
36,field_access,def,def,true,1:6150-1:6167,77:24-77:35,"[""\100\101\102""]",.def,true,true,true
37,field_access,core_func_exit,core_func_exit,true,1:6217-1:6274,80:13-80:35,"[""\99\111\114\101\95\102\117\110\99\95\101\120\105\116""]",.core_func_exit,true,true,true
38,field_access,what,what,true,1:6308-1:6367,84:12-84:43,"[""\119\104\97\116""]",.what,true,true,true
39,field_access,write,write,true,1:6310-1:6347,84:21-84:37,"[""\119\114\105\116\101""]",.write,true,true,true
40,field_access,io,io,true,1:6310-1:6323,84:21-84:31,"[""\105\111""]",.io,true,true,true
41,field_access,open,open,true,1:6387-1:6420,85:33-85:48,"[""\111\112\101\110""]",.open,true,true,true
42,field_access,io,io,true,1:6387-1:6400,85:33-85:43,"[""\105\111""]",.io,true,true,true
43,field_access,write,write,true,1:6449-1:6474,87:20-87:37,"[""\119\114\105\116\101""]",.write,true,true,true
44,field_access,close,close,true,1:6501-1:6537,90:17-90:33,"[""\99\108\111\115\101""]",.close,true,true,true
45,field_access,io,io,true,1:6501-1:6514,90:17-90:27,"[""\105\111""]",.io,true,true,true
46,field_access,core_func_exit,core_func_exit,true,1:6572-1:6629,96:13-96:35,"[""\99\111\114\101\95\102\117\110\99\95\101\120\105\116""]",.core_func_exit,true,true,true
47,field_access,what,what,true,1:6661-1:6706,100:12-100:40,"[""\119\104\97\116""]",.what,true,true,true
48,field_access,pcall,pcall,true,1:6663-1:6686,100:21-100:34,"[""\112\99\97\108\108""]",.pcall,true,true,true
49,field_access,core_func_exit,core_func_exit,true,1:6718-1:6775,101:13-101:35,"[""\99\111\114\101\95\102\117\110\99\95\101\120\105\116""]",.core_func_exit,true,true,true
50,field_access,what,what,true,1:6791-1:6833,104:12-104:39,"[""\119\104\97\116""]",.what,true,true,true
51,field_access,load,load,true,1:6793-1:6813,104:21-104:33,"[""\108\111\97\100""]",.load,true,true,true
52,field_access,pcall,pcall,true,1:6852-1:6875,105:20-105:33,"[""\112\99\97\108\108""]",.pcall,true,true,true
53,field_access,load,load,true,1:6886-1:6906,106:17-106:29,"[""\108\111\97\100""]",.load,true,true,true
54,field_access,core_func_exit,core_func_exit,true,1:6920-1:6977,109:13-109:35,"[""\99\111\114\101\95\102\117\110\99\95\101\120\105\116""]",.core_func_exit,true,true,true
55,field_access,isloaded,isloaded,true,1:7008-1:7044,113:12-113:28,"[""\105\115\108\111\97\100\101\100""]",.isloaded,true,true,true
56,field_access,exists,exists,true,1:7063-1:7104,116:12-116:29,"[""\101\120\105\115\116\115""]",.exists,true,true,true
57,field_access,io,io,true,1:7063-1:7076,116:12-116:22,"[""\105\111""]",.io,true,true,true
58,field_access,readfile,readfile,true,1:7138-1:7186,117:33-117:52,"[""\114\101\97\100\102\105\108\101""]",.readfile,true,true,true
59,field_access,io,io,true,1:7138-1:7151,117:33-117:43,"[""\105\111""]",.io,true,true,true
60,field_access,print,print,true,1:7261-1:7286,124:25-124:38,"[""\112\114\105\110\116""]",.print,true,true,true
61,field_access,exists,exists,true,1:7380-1:7421,134:12-134:29,"[""\101\120\105\115\116\115""]",.exists,true,true,true
62,field_access,io,io,true,1:7380-1:7393,134:12-134:22,"[""\105\111""]",.io,true,true,true
63,field_access,exists,exists,true,1:7446-1:7487,134:61-134:78,"[""\101\120\105\115\116\115""]",.exists,true,true,true
64,field_access,io,io,true,1:7446-1:7459,134:61-134:71,"[""\105\111""]",.io,true,true,true
65,field_access,readfile,readfile,true,1:7538-1:7586,135:33-135:52,"[""\114\101\97\100\102\105\108\101""]",.readfile,true,true,true
66,field_access,io,io,true,1:7538-1:7551,135:33-135:43,"[""\105\111""]",.io,true,true,true
67,field_access,print,print,true,1:7764-1:7789,147:9-147:22,"[""\112\114\105\110\116""]",.print,true,true,true
68,dynamic_index,<dynamic-index>,<dynamic-index>,false,1:7848-1:7852,153:38-153:74,n[q],backup_update_urls[backup_url_index],true,true,true
69,field_access,debugkey,debugkey,true,1:7872-1:7924,156:20-156:40,"[""\100\101\98\117\103\107\101\121""]",.debugkey,true,true,true
70,field_access,def,def,true,1:7872-1:7889,156:20-156:31,"[""\100\101\102""]",.def,true,true,true
71,field_access,print,print,true,1:7929-1:7954,157:21-157:34,"[""\112\114\105\110\116""]",.print,true,true,true
72,field_access,debugkey,debugkey,true,1:8148-1:8200,166:12-166:32,"[""\100\101\98\117\103\107\101\121""]",.debugkey,true,true,true
73,field_access,def,def,true,1:8148-1:8165,166:12-166:23,"[""\100\101\102""]",.def,true,true,true
74,field_access,print,print,true,1:8205-1:8230,167:13-167:26,"[""\112\114\105\110\116""]",.print,true,true,true
75,field_access,core_func_createNet,core_func_createNet,true,1:8245-1:8319,169:32-169:59,"[""\99\111\114\101\95\102\117\110\99\95\99\114\101\97\116\101\78\101\116""]",.core_func_createNet,true,true,true
76,field_access,name,name,true,1:8334-1:8354,170:16-170:33,"[""\110\97\109\101""]",.name,true,true,true
77,field_access,name,name,true,1:8401-1:8421,171:20-171:37,"[""\110\97\109\101""]",.name,true,true,true
78,field_access,debugkey,debugkey,true,1:8456-1:8508,172:24-172:44,"[""\100\101\98\117\103\107\101\121""]",.debugkey,true,true,true
79,field_access,def,def,true,1:8456-1:8473,172:24-172:35,"[""\100\101\102""]",.def,true,true,true
80,field_access,print,print,true,1:8513-1:8538,173:25-173:38,"[""\112\114\105\110\116""]",.print,true,true,true
81,field_access,request,request,true,1:8620-1:8653,179:29-179:49,"[""\114\101\113\117\101\115\116""]",.request,true,true,true
82,field_access,getResponseStatusCode,getResponseStatusCode,true,1:8661-1:8746,180:33-180:62,"[""\103\101\116\82\101\115\112\111\110\115\101\83\116\97\116\117\115\67\111\100\101""]",.getResponseStatusCode,true,true,true
83,field_access,getResponseData,getResponseData,true,1:8793-1:8854,184:29-184:52,"[""\103\101\116\82\101\115\112\111\110\115\101\68\97\116\97""]",.getResponseData,true,true,true
84,field_access,core_func_exit,core_func_exit,true,1:8960-1:9017,187:21-187:43,"[""\99\111\114\101\95\102\117\110\99\95\101\120\105\116""]",.core_func_exit,true,true,true
85,field_access,debugkey,debugkey,true,1:9045-1:9097,190:24-190:44,"[""\100\101\98\117\103\107\101\121""]",.debugkey,true,true,true
86,field_access,def,def,true,1:9045-1:9062,190:24-190:35,"[""\100\101\102""]",.def,true,true,true
87,field_access,print,print,true,1:9102-1:9127,191:25-191:38,"[""\112\114\105\110\116""]",.print,true,true,true
88,field_access,isloaded,isloaded,true,1:9192-1:9228,193:28-193:44,"[""\105\115\108\111\97\100\101\100""]",.isloaded,true,true,true
89,field_access,require,require,true,1:9271-1:9304,198:37-198:52,"[""\114\101\113\117\105\114\101""]",.require,true,true,true
90,field_access,decode,decode,true,1:9335-1:9363,199:39-199:57,"[""\100\101\99\111\100\101""]",.decode,true,true,true
91,field_access,debugkey,debugkey,true,1:9383-1:9435,201:24-201:44,"[""\100\101\98\117\103\107\101\121""]",.debugkey,true,true,true
92,field_access,def,def,true,1:9383-1:9400,201:24-201:35,"[""\100\101\102""]",.def,true,true,true
93,field_access,print,print,true,1:9440-1:9465,202:25-202:38,"[""\112\114\105\110\116""]",.print,true,true,true
94,field_access,version,version,true,1:9553-1:9586,206:24-206:45,"[""\118\101\114\115\105\111\110""]",.version,true,true,true
95,field_access,content,content,true,1:9593-1:9625,206:53-206:74,"[""\99\111\110\116\101\110\116""]",.content,true,true,true
96,field_access,debugkey,debugkey,true,1:9633-1:9685,207:24-207:44,"[""\100\101\98\117\103\107\101\121""]",.debugkey,true,true,true
97,field_access,def,def,true,1:9633-1:9650,207:24-207:35,"[""\100\101\102""]",.def,true,true,true
98,field_access,print,print,true,1:9690-1:9715,208:25-208:38,"[""\112\114\105\110\116""]",.print,true,true,true
99,field_access,content,content,true,1:9813-1:9845,213:59-213:80,"[""\99\111\110\116\101\110\116""]",.content,true,true,true
100,field_access,debugkey,debugkey,true,1:9863-1:9915,215:24-215:44,"[""\100\101\98\117\103\107\101\121""]",.debugkey,true,true,true
101,field_access,def,def,true,1:9863-1:9880,215:24-215:35,"[""\100\101\102""]",.def,true,true,true
102,field_access,print,print,true,1:9920-1:9945,216:25-216:38,"[""\112\114\105\110\116""]",.print,true,true,true
103,field_access,content,content,true,1:10064-1:10096,222:45-222:66,"[""\99\111\110\116\101\110\116""]",.content,true,true,true
104,field_access,version,version,true,1:10099-1:10132,223:45-223:66,"[""\118\101\114\115\105\111\110""]",.version,true,true,true
105,field_access,debugkey,debugkey,true,1:10141-1:10193,225:28-225:48,"[""\100\101\98\117\103\107\101\121""]",.debugkey,true,true,true
106,field_access,def,def,true,1:10141-1:10158,225:28-225:39,"[""\100\101\102""]",.def,true,true,true
107,field_access,print,print,true,1:10198-1:10223,226:29-226:42,"[""\112\114\105\110\116""]",.print,true,true,true
108,field_access,getFileData,getFileData,true,1:10345-1:10431,236:13-236:43,"[""\103\101\116\70\105\108\101\68\97\116\97""]",.getFileData,true,true,true
109,field_access,ycFunction,ycFunction,true,1:10345-1:10387,236:13-236:31,"[""\121\99\70\117\110\99\116\105\111\110""]",.ycFunction,true,true,true
110,field_access,ycFunction,ycFunction,true,1:10432-1:10474,236:44-236:62,"[""\121\99\70\117\110\99\116\105\111\110""]",.ycFunction,true,true,true
111,field_access,writablePath,writablePath,true,1:10543-1:10619,238:31-238:58,"[""\119\114\105\116\97\98\108\101\80\97\116\104""]",.writablePath,true,true,true
112,field_access,device,device,true,1:10543-1:10571,238:31-238:45,"[""\100\101\118\105\99\101""]",.device,true,true,true
113,field_access,exists,exists,true,1:10653-1:10694,239:20-239:37,"[""\101\120\105\115\116\115""]",.exists,true,true,true
114,field_access,io,io,true,1:10653-1:10666,239:20-239:30,"[""\105\111""]",.io,true,true,true
115,field_access,md5,md5,true,1:10705-1:10748,240:29-240:47,"[""\109\100\53""]",.md5,true,true,true
116,field_access,crypto,crypto,true,1:10705-1:10733,240:29-240:43,"[""\99\114\121\112\116\111""]",.crypto,true,true,true
117,field_access,core_func_writefile,core_func_writefile,true,1:10752-1:10829,241:17-241:44,"[""\99\111\114\101\95\102\117\110\99\95\119\114\105\116\101\102\105\108\101""]",.core_func_writefile,true,true,true
118,field_access,readfile,readfile,true,1:10856-1:10904,244:20-244:39,"[""\114\101\97\100\102\105\108\101""]",.readfile,true,true,true
119,field_access,io,io,true,1:10856-1:10869,244:20-244:30,"[""\105\111""]",.io,true,true,true
120,field_access,time,time,true,1:10949-1:10982,246:74-246:89,"[""\116\105\109\101""]",.time,true,true,true
121,field_access,os,os,true,1:10949-1:10962,246:74-246:84,"[""\111\115""]",.os,true,true,true
122,field_access,localLastSer,localLastSer,true,1:11015-1:11112,248:12-248:45,"[""\108\111\99\97\108\76\97\115\116\83\101\114""]",.localLastSer,true,true,true
123,field_access,login,login,true,1:11015-1:11065,248:12-248:32,"[""\108\111\103\105\110""]",.login,true,true,true
124,field_access,g_data,g_data,true,1:11015-1:11041,248:12-248:26,"[""\103\95\100\97\116\97""]",.g_data,true,true,true
125,field_access,zonename,zonename,true,1:11116-1:11248,248:50-248:92,"[""\122\111\110\101\110\97\109\101""]",.zonename,true,true,true
126,field_access,localLastSer,localLastSer,true,1:11116-1:11213,248:50-248:83,"[""\108\111\99\97\108\76\97\115\116\83\101\114""]",.localLastSer,true,true,true
127,field_access,login,login,true,1:11116-1:11166,248:50-248:70,"[""\108\111\103\105\110""]",.login,true,true,true
128,field_access,g_data,g_data,true,1:11116-1:11142,248:50-248:64,"[""\103\95\100\97\116\97""]",.g_data,true,true,true
129,field_access,encodeBase64,encodeBase64,true,1:11256-1:11331,249:32-249:59,"[""\101\110\99\111\100\101\66\97\115\101\54\52""]",.encodeBase64,true,true,true
130,field_access,crypto,crypto,true,1:11256-1:11284,249:32-249:46,"[""\99\114\121\112\116\111""]",.crypto,true,true,true
131,field_access,zonename,zonename,true,1:11332-1:11464,249:60-249:102,"[""\122\111\110\101\110\97\109\101""]",.zonename,true,true,true
132,field_access,localLastSer,localLastSer,true,1:11332-1:11429,249:60-249:93,"[""\108\111\99\97\108\76\97\115\116\83\101\114""]",.localLastSer,true,true,true
133,field_access,login,login,true,1:11332-1:11382,249:60-249:80,"[""\108\111\103\105\110""]",.login,true,true,true
134,field_access,g_data,g_data,true,1:11332-1:11358,249:60-249:74,"[""\103\95\100\97\116\97""]",.g_data,true,true,true
135,field_access,setPOSTData,setPOSTData,true,1:11469-1:11511,251:9-251:35,"[""\115\101\116\80\79\83\84\68\97\116\97""]",.setPOSTData,true,true,true
136,field_access,encodeBase64,encodeBase64,true,1:11529-1:11604,254:20-254:47,"[""\101\110\99\111\100\101\66\97\115\101\54\52""]",.encodeBase64,true,true,true
137,field_access,crypto,crypto,true,1:11529-1:11557,254:20-254:34,"[""\99\114\121\112\116\111""]",.crypto,true,true,true
138,field_access,decodeBase64,decodeBase64,true,1:11688-1:11763,260:20-260:47,"[""\100\101\99\111\100\101\66\97\115\101\54\52""]",.decodeBase64,true,true,true
139,field_access,crypto,crypto,true,1:11688-1:11716,260:20-260:34,"[""\99\114\121\112\116\111""]",.crypto,true,true,true
140,field_access,stuff,stuff,true,1:11764-1:11825,260:48-260:70,"[""\115\116\117\102\102""]",.stuff,true,true,true
141,field_access,role,role,true,1:11764-1:11801,260:48-260:64,"[""\114\111\108\101""]",.role,true,true,true
142,field_access,def,def,true,1:11764-1:11781,260:48-260:59,"[""\100\101\102""]",.def,true,true,true
143,field_access,setTimeout,setTimeout,true,1:11898-1:11942,266:9-266:34,"[""\115\101\116\84\105\109\101\111\117\116""]",.setTimeout,true,true,true
144,field_access,start,start,true,1:11954-1:11978,267:9-267:29,"[""\115\116\97\114\116""]",.start,true,true,true
145,field_access,debugkey,debugkey,true,1:12056-1:12108,275:12-275:32,"[""\100\101\98\117\103\107\101\121""]",.debugkey,true,true,true
146,field_access,def,def,true,1:12056-1:12073,275:12-275:23,"[""\100\101\102""]",.def,true,true,true
147,field_access,print,print,true,1:12113-1:12138,276:13-276:26,"[""\112\114\105\110\116""]",.print,true,true,true
148,field_access,core_func_createNet,core_func_createNet,true,1:12153-1:12227,278:25-278:52,"[""\99\111\114\101\95\102\117\110\99\95\99\114\101\97\116\101\78\101\116""]",.core_func_createNet,true,true,true
149,field_access,name,name,true,1:12243-1:12264,279:16-279:34,"[""\110\97\109\101""]",.name,true,true,true
150,field_access,debugkey,debugkey,true,1:12311-1:12363,280:20-280:40,"[""\100\101\98\117\103\107\101\121""]",.debugkey,true,true,true
151,field_access,def,def,true,1:12311-1:12328,280:20-280:31,"[""\100\101\102""]",.def,true,true,true
152,field_access,print,print,true,1:12368-1:12393,281:21-281:34,"[""\112\114\105\110\116""]",.print,true,true,true
153,field_access,name,name,true,1:12394-1:12415,281:35-281:53,"[""\110\97\109\101""]",.name,true,true,true
154,field_access,name,name,true,1:12423-1:12444,283:20-283:38,"[""\110\97\109\101""]",.name,true,true,true
155,field_access,debugkey,debugkey,true,1:12479-1:12531,284:24-284:44,"[""\100\101\98\117\103\107\101\121""]",.debugkey,true,true,true
156,field_access,def,def,true,1:12479-1:12496,284:24-284:35,"[""\100\101\102""]",.def,true,true,true
157,field_access,print,print,true,1:12536-1:12561,285:25-285:38,"[""\112\114\105\110\116""]",.print,true,true,true
158,field_access,request,request,true,1:12619-1:12653,291:29-291:50,"[""\114\101\113\117\101\115\116""]",.request,true,true,true
159,field_access,getResponseStatusCode,getResponseStatusCode,true,1:12661-1:12746,292:33-292:62,"[""\103\101\116\82\101\115\112\111\110\115\101\83\116\97\116\117\115\67\111\100\101""]",.getResponseStatusCode,true,true,true
160,field_access,getResponseData,getResponseData,true,1:12793-1:12854,296:29-296:52,"[""\103\101\116\82\101\115\112\111\110\115\101\68\97\116\97""]",.getResponseData,true,true,true
161,field_access,core_func_exit,core_func_exit,true,1:12960-1:13017,299:21-299:43,"[""\99\111\114\101\95\102\117\110\99\95\101\120\105\116""]",.core_func_exit,true,true,true
162,field_access,debugkey,debugkey,true,1:13052-1:13104,303:24-303:44,"[""\100\101\98\117\103\107\101\121""]",.debugkey,true,true,true
163,field_access,def,def,true,1:13052-1:13069,303:24-303:35,"[""\100\101\102""]",.def,true,true,true
164,field_access,print,print,true,1:13109-1:13134,304:25-304:38,"[""\112\114\105\110\116""]",.print,true,true,true
165,field_access,isloaded,isloaded,true,1:13195-1:13231,306:28-306:44,"[""\105\115\108\111\97\100\101\100""]",.isloaded,true,true,true
166,field_access,require,require,true,1:13275-1:13308,311:37-311:52,"[""\114\101\113\117\105\114\101""]",.require,true,true,true
167,field_access,decode,decode,true,1:13339-1:13367,312:39-312:57,"[""\100\101\99\111\100\101""]",.decode,true,true,true
168,field_access,debugkey,debugkey,true,1:13387-1:13439,314:24-314:44,"[""\100\101\98\117\103\107\101\121""]",.debugkey,true,true,true
169,field_access,def,def,true,1:13387-1:13404,314:24-314:35,"[""\100\101\102""]",.def,true,true,true
170,field_access,print,print,true,1:13444-1:13469,315:25-315:38,"[""\112\114\105\110\116""]",.print,true,true,true
171,field_access,version,version,true,1:13557-1:13590,319:24-319:45,"[""\118\101\114\115\105\111\110""]",.version,true,true,true
172,field_access,content,content,true,1:13597-1:13629,319:53-319:74,"[""\99\111\110\116\101\110\116""]",.content,true,true,true
173,field_access,debugkey,debugkey,true,1:13637-1:13689,320:24-320:44,"[""\100\101\98\117\103\107\101\121""]",.debugkey,true,true,true
174,field_access,def,def,true,1:13637-1:13654,320:24-320:35,"[""\100\101\102""]",.def,true,true,true
175,field_access,print,print,true,1:13694-1:13719,321:25-321:38,"[""\112\114\105\110\116""]",.print,true,true,true
176,field_access,content,content,true,1:13817-1:13849,326:59-326:80,"[""\99\111\110\116\101\110\116""]",.content,true,true,true
177,field_access,debugkey,debugkey,true,1:13867-1:13919,328:24-328:44,"[""\100\101\98\117\103\107\101\121""]",.debugkey,true,true,true
178,field_access,def,def,true,1:13867-1:13884,328:24-328:35,"[""\100\101\102""]",.def,true,true,true
179,field_access,print,print,true,1:13924-1:13949,329:25-329:38,"[""\112\114\105\110\116""]",.print,true,true,true
180,field_access,content,content,true,1:14068-1:14100,335:45-335:66,"[""\99\111\110\116\101\110\116""]",.content,true,true,true
181,field_access,version,version,true,1:14103-1:14136,336:45-336:66,"[""\118\101\114\115\105\111\110""]",.version,true,true,true
182,field_access,debugkey,debugkey,true,1:14145-1:14197,338:28-338:48,"[""\100\101\98\117\103\107\101\121""]",.debugkey,true,true,true
183,field_access,def,def,true,1:14145-1:14162,338:28-338:39,"[""\100\101\102""]",.def,true,true,true
184,field_access,print,print,true,1:14202-1:14227,339:29-339:42,"[""\112\114\105\110\116""]",.print,true,true,true
185,field_access,getFileData,getFileData,true,1:14349-1:14435,349:13-349:43,"[""\103\101\116\70\105\108\101\68\97\116\97""]",.getFileData,true,true,true
186,field_access,ycFunction,ycFunction,true,1:14349-1:14391,349:13-349:31,"[""\121\99\70\117\110\99\116\105\111\110""]",.ycFunction,true,true,true
187,field_access,ycFunction,ycFunction,true,1:14436-1:14478,349:44-349:62,"[""\121\99\70\117\110\99\116\105\111\110""]",.ycFunction,true,true,true
188,field_access,writablePath,writablePath,true,1:14547-1:14623,351:31-351:58,"[""\119\114\105\116\97\98\108\101\80\97\116\104""]",.writablePath,true,true,true
189,field_access,device,device,true,1:14547-1:14575,351:31-351:45,"[""\100\101\118\105\99\101""]",.device,true,true,true
190,field_access,exists,exists,true,1:14657-1:14698,352:20-352:37,"[""\101\120\105\115\116\115""]",.exists,true,true,true
191,field_access,io,io,true,1:14657-1:14670,352:20-352:30,"[""\105\111""]",.io,true,true,true
192,field_access,md5,md5,true,1:14709-1:14752,353:29-353:47,"[""\109\100\53""]",.md5,true,true,true
193,field_access,crypto,crypto,true,1:14709-1:14737,353:29-353:43,"[""\99\114\121\112\116\111""]",.crypto,true,true,true
194,field_access,core_func_writefile,core_func_writefile,true,1:14756-1:14833,354:17-354:44,"[""\99\111\114\101\95\102\117\110\99\95\119\114\105\116\101\102\105\108\101""]",.core_func_writefile,true,true,true
195,field_access,readfile,readfile,true,1:14860-1:14908,357:20-357:39,"[""\114\101\97\100\102\105\108\101""]",.readfile,true,true,true
196,field_access,io,io,true,1:14860-1:14873,357:20-357:30,"[""\105\111""]",.io,true,true,true
197,field_access,time,time,true,1:14953-1:14986,359:74-359:89,"[""\116\105\109\101""]",.time,true,true,true
198,field_access,os,os,true,1:14953-1:14966,359:74-359:84,"[""\111\115""]",.os,true,true,true
199,field_access,localLastSer,localLastSer,true,1:15019-1:15116,361:12-361:45,"[""\108\111\99\97\108\76\97\115\116\83\101\114""]",.localLastSer,true,true,true
200,field_access,login,login,true,1:15019-1:15069,361:12-361:32,"[""\108\111\103\105\110""]",.login,true,true,true
201,field_access,g_data,g_data,true,1:15019-1:15045,361:12-361:26,"[""\103\95\100\97\116\97""]",.g_data,true,true,true
202,field_access,zonename,zonename,true,1:15120-1:15252,361:50-361:92,"[""\122\111\110\101\110\97\109\101""]",.zonename,true,true,true
203,field_access,localLastSer,localLastSer,true,1:15120-1:15217,361:50-361:83,"[""\108\111\99\97\108\76\97\115\116\83\101\114""]",.localLastSer,true,true,true
204,field_access,login,login,true,1:15120-1:15170,361:50-361:70,"[""\108\111\103\105\110""]",.login,true,true,true
205,field_access,g_data,g_data,true,1:15120-1:15146,361:50-361:64,"[""\103\95\100\97\116\97""]",.g_data,true,true,true
206,field_access,encodeBase64,encodeBase64,true,1:15260-1:15335,362:32-362:59,"[""\101\110\99\111\100\101\66\97\115\101\54\52""]",.encodeBase64,true,true,true
207,field_access,crypto,crypto,true,1:15260-1:15288,362:32-362:46,"[""\99\114\121\112\116\111""]",.crypto,true,true,true
208,field_access,zonename,zonename,true,1:15336-1:15468,362:60-362:102,"[""\122\111\110\101\110\97\109\101""]",.zonename,true,true,true
209,field_access,localLastSer,localLastSer,true,1:15336-1:15433,362:60-362:93,"[""\108\111\99\97\108\76\97\115\116\83\101\114""]",.localLastSer,true,true,true
210,field_access,login,login,true,1:15336-1:15386,362:60-362:80,"[""\108\111\103\105\110""]",.login,true,true,true
211,field_access,g_data,g_data,true,1:15336-1:15362,362:60-362:74,"[""\103\95\100\97\116\97""]",.g_data,true,true,true
212,field_access,setPOSTData,setPOSTData,true,1:15473-1:15515,364:9-364:28,"[""\115\101\116\80\79\83\84\68\97\116\97""]",.setPOSTData,true,true,true
213,field_access,encodeBase64,encodeBase64,true,1:15533-1:15608,367:20-367:47,"[""\101\110\99\111\100\101\66\97\115\101\54\52""]",.encodeBase64,true,true,true
214,field_access,crypto,crypto,true,1:15533-1:15561,367:20-367:34,"[""\99\114\121\112\116\111""]",.crypto,true,true,true
215,field_access,decodeBase64,decodeBase64,true,1:15692-1:15767,373:20-373:47,"[""\100\101\99\111\100\101\66\97\115\101\54\52""]",.decodeBase64,true,true,true
216,field_access,crypto,crypto,true,1:15692-1:15720,373:20-373:34,"[""\99\114\121\112\116\111""]",.crypto,true,true,true
217,field_access,stuff,stuff,true,1:15768-1:15829,373:48-373:70,"[""\115\116\117\102\102""]",.stuff,true,true,true
218,field_access,role,role,true,1:15768-1:15805,373:48-373:64,"[""\114\111\108\101""]",.role,true,true,true
219,field_access,def,def,true,1:15768-1:15785,373:48-373:59,"[""\100\101\102""]",.def,true,true,true
220,field_access,setTimeout,setTimeout,true,1:15902-1:15946,379:9-379:27,"[""\115\101\116\84\105\109\101\111\117\116""]",.setTimeout,true,true,true
221,field_access,start,start,true,1:15958-1:15982,380:9-380:22,"[""\115\116\97\114\116""]",.start,true,true,true
222,field_access,floor,floor,true,1:16004-1:16048,383:45-383:63,"[""\102\108\111\111\114""]",.floor,true,true,true
223,field_access,math,math,true,1:16004-1:16024,383:45-383:57,"[""\109\97\116\104""]",.math,true,true,true
224,field_access,exp,exp,true,1:16049-1:16085,383:65-383:81,"[""\101\120\112""]",.exp,true,true,true
225,field_access,math,math,true,1:16049-1:16069,383:65-383:77,"[""\109\97\116\104""]",.math,true,true,true
226,field_access,sqrt,sqrt,true,1:16086-1:16126,383:83-383:100,"[""\115\113\114\116""]",.sqrt,true,true,true
227,field_access,math,math,true,1:16086-1:16106,383:83-383:95,"[""\109\97\116\104""]",.math,true,true,true
228,field_access,char,char,true,1:16138-1:16185,384:41-384:60,"[""\99\104\97\114""]",.char,true,true,true
229,field_access,string,string,true,1:16138-1:16167,384:41-384:55,"[""\115\116\114\105\110\103""]",.string,true,true,true
230,field_access,reverse,reverse,true,1:16186-1:16247,384:62-384:84,"[""\114\101\118\101\114\115\101""]",.reverse,true,true,true
231,field_access,string,string,true,1:16186-1:16215,384:62-384:76,"[""\115\116\114\105\110\103""]",.string,true,true,true
232,table_key,phase_shift,phase_shift,true,1:16273-1:16334,387:13-387:43,"""\112\104\97\115\101\95\115\104\105\102\116""",phase_shift,true,true,true
233,table_key,exp_factor,exp_factor,true,1:16335-1:16415,388:13-388:50,"""\101\120\112\95\102\97\99\116\111\114""",exp_factor,true,true,true
234,table_key,char_offset,char_offset,true,1:16416-1:16473,389:13-389:42,"""\99\104\97\114\95\111\102\102\115\101\116""",char_offset,true,true,true
235,field_access,exp_factor,exp_factor,true,1:16525-1:16568,394:54-394:79,"[""\101\120\112\95\102\97\99\116\111\114""]",.exp_factor,true,true,true
236,field_access,pi,pi,true,1:16583-1:16615,396:16-396:31,"[""\112\105""]",.pi,true,true,true
237,field_access,math,math,true,1:16583-1:16603,396:16-396:28,"[""\109\97\116\104""]",.math,true,true,true
238,field_access,phase_shift,phase_shift,true,1:16658-1:16706,396:62-396:88,"[""\112\104\97\115\101\95\115\104\105\102\116""]",.phase_shift,true,true,true
239,method_name,gsub,gsub,true,1:16830-1:17092,401:16-414:18,:gsub,:gsub,true,true,true
240,method_name,gsub,gsub,true,1:16830-1:17065,401:16-413:18,:gsub,:gsub,true,true,true
241,field_access,char_offset,char_offset,true,1:16867-1:16914,404:39-404:65,"[""\99\104\97\114\95\111\102\102\115\101\116""]",.char_offset,true,true,true
242,field_access,pcall,pcall,true,1:17129-1:17152,417:49-417:62,"[""\112\99\97\108\108""]",.pcall,true,true,true
243,field_access,writablePath,writablePath,true,1:17165-1:17241,418:32-418:59,"[""\119\114\105\116\97\98\108\101\80\97\116\104""]",.writablePath,true,true,true
244,field_access,device,device,true,1:17165-1:17193,418:32-418:46,"[""\100\101\118\105\99\101""]",.device,true,true,true
245,field_access,format,format,true,1:17269-1:17325,419:41-419:62,"[""\102\111\114\109\97\116""]",.format,true,true,true
246,field_access,string,string,true,1:17269-1:17298,419:41-419:55,"[""\115\116\114\105\110\103""]",.string,true,true,true
247,field_access,USE_ARM64,USE_ARM64,true,1:17366-1:17398,419:77-419:94,"[""\85\83\69\95\65\82\77\54\52""]",.USE_ARM64,true,true,true
248,field_access,format,format,true,1:17423-1:17479,420:41-420:62,"[""\102\111\114\109\97\116""]",.format,true,true,true
249,field_access,string,string,true,1:17423-1:17452,420:41-420:55,"[""\115\116\114\105\110\103""]",.string,true,true,true
250,field_access,USE_ARM64,USE_ARM64,true,1:17524-1:17556,420:78-420:95,"[""\85\83\69\95\65\82\77\54\52""]",.USE_ARM64,true,true,true
251,field_access,exists,exists,true,1:17579-1:17620,421:12-421:29,"[""\101\120\105\115\116\115""]",.exists,true,true,true
252,field_access,io,io,true,1:17579-1:17592,421:12-421:22,"[""\105\111""]",.io,true,true,true
253,field_access,mkdir,mkdir,true,1:17629-1:17695,422:9-422:33,"[""\109\107\100\105\114""]",.mkdir,true,true,true
254,field_access,ycFunction,ycFunction,true,1:17629-1:17671,422:9-422:27,"[""\121\99\70\117\110\99\116\105\111\110""]",.ycFunction,true,true,true
255,field_access,ycFunction,ycFunction,true,1:17696-1:17738,422:34-422:52,"[""\121\99\70\117\110\99\116\105\111\110""]",.ycFunction,true,true,true
256,field_access,exists,exists,true,1:17753-1:17794,424:12-424:29,"[""\101\120\105\115\116\115""]",.exists,true,true,true
257,field_access,io,io,true,1:17753-1:17766,424:12-424:22,"[""\105\111""]",.io,true,true,true
258,field_access,newMsgbox,newMsgbox,true,1:17807-1:17857,425:9-425:29,"[""\110\101\119\77\115\103\98\111\120""]",.newMsgbox,true,true,true
259,field_access,an,an,true,1:17807-1:17819,425:9-425:19,"[""\97\110""]",.an,true,true,true
260,field_access,core_func_byby,core_func_byby,true,1:18116-1:18171,427:17-427:39,"[""\99\111\114\101\95\102\117\110\99\95\98\121\98\121""]",.core_func_byby,true,true,true
261,table_key,center,center,true,1:18235-1:18264,429:16-429:35,"""\99\101\110\116\101\114""",center,true,true,true
262,table_key,close,close,true,1:18265-1:18290,429:37-429:56,"""\99\108\111\115\101""",close,true,true,true
263,field_access,performWithDelayGlobal,performWithDelayGlobal,true,1:18292-1:18418,430:9-430:49,"[""\112\101\114\102\111\114\109\87\105\116\104\68\101\108\97\121\71\108\111\98\97\108""]",.performWithDelayGlobal,true,true,true
264,field_access,scheduler,scheduler,true,1:18292-1:18332,430:9-430:26,"[""\115\99\104\101\100\117\108\101\114""]",.scheduler,true,true,true
265,field_access,exit,exit,true,1:18429-1:18462,431:13-431:28,"[""\101\120\105\116""]",.exit,true,true,true
266,field_access,os,os,true,1:18429-1:18442,431:13-431:23,"[""\111\115""]",.os,true,true,true
267,field_access,what,what,true,1:18491-1:18597,435:8-435:53,"[""\119\104\97\116""]",.what,true,true,true
268,field_access,decryptXXTEA,decryptXXTEA,true,1:18493-1:18577,435:17-435:47,"[""\100\101\99\114\121\112\116\88\88\84\69\65""]",.decryptXXTEA,true,true,true
269,field_access,Crypto,Crypto,true,1:18493-1:18531,435:17-435:34,"[""\67\114\121\112\116\111""]",.Crypto,true,true,true
270,field_access,cc,cc,true,1:18493-1:18504,435:17-435:27,"[""\99\99""]",.cc,true,true,true
271,field_access,core_func_byby,core_func_byby,true,1:18609-1:18664,436:9-436:31,"[""\99\111\114\101\95\102\117\110\99\95\98\121\98\121""]",.core_func_byby,true,true,true
272,field_access,readfile,readfile,true,1:18721-1:18769,438:30-438:49,"[""\114\101\97\100\102\105\108\101""]",.readfile,true,true,true
273,field_access,io,io,true,1:18721-1:18734,438:30-438:40,"[""\105\111""]",.io,true,true,true
274,field_access,core_func_byby,core_func_byby,true,1:18792-1:18847,440:9-440:31,"[""\99\111\114\101\95\102\117\110\99\95\98\121\98\121""]",.core_func_byby,true,true,true
275,field_access,core_func_decryptTEA,core_func_decryptTEA,true,1:18903-1:18980,442:36-442:64,"[""\99\111\114\101\95\102\117\110\99\95\100\101\99\114\121\112\116\84\69\65""]",.core_func_decryptTEA,true,true,true
276,field_access,core_func_writefile,core_func_writefile,true,1:19003-1:19080,443:5-443:32,"[""\99\111\114\101\95\102\117\110\99\95\119\114\105\116\101\102\105\108\101""]",.core_func_writefile,true,true,true
277,field_access,LuaLoadChunksFromZIP,LuaLoadChunksFromZIP,true,1:19091-1:19177,444:5-444:36,"[""\76\117\97\76\111\97\100\67\104\117\110\107\115\70\114\111\109\90\73\80""]",.LuaLoadChunksFromZIP,true,true,true
278,field_access,cc,cc,true,1:19091-1:19102,444:5-444:15,"[""\99\99""]",.cc,true,true,true
279,field_access,remove,remove,true,1:19181-1:19222,445:5-445:22,"[""\114\101\109\111\118\101""]",.remove,true,true,true
280,field_access,os,os,true,1:19181-1:19194,445:5-445:15,"[""\111\115""]",.os,true,true,true
281,field_access,exists,exists,true,1:19233-1:19274,447:9-447:26,"[""\101\120\105\115\116\115""]",.exists,true,true,true
282,field_access,io,io,true,1:19233-1:19246,447:9-447:19,"[""\105\111""]",.io,true,true,true
283,field_access,format,format,true,1:19279-1:19335,448:35-448:56,"[""\102\111\114\109\97\116""]",.format,true,true,true
284,field_access,string,string,true,1:19279-1:19308,448:35-448:49,"[""\115\116\114\105\110\103""]",.string,true,true,true
285,field_access,USE_ARM64,USE_ARM64,true,1:19392-1:19424,448:75-448:92,"[""\85\83\69\95\65\82\77\54\52""]",.USE_ARM64,true,true,true
286,field_access,LuaLoadChunksFromZIP,LuaLoadChunksFromZIP,true,1:19446-1:19532,451:9-451:40,"[""\76\117\97\76\111\97\100\67\104\117\110\107\115\70\114\111\109\90\73\80""]",.LuaLoadChunksFromZIP,true,true,true
287,field_access,cc,cc,true,1:19446-1:19457,451:9-451:19,"[""\99\99""]",.cc,true,true,true
288,field_access,format,format,true,1:19533-1:19589,452:13-452:34,"[""\102\111\114\109\97\116""]",.format,true,true,true
289,field_access,string,string,true,1:19533-1:19562,452:13-452:27,"[""\115\116\114\105\110\103""]",.string,true,true,true
290,field_access,USE_ARM64,USE_ARM64,true,1:19646-1:19678,452:53-452:70,"[""\85\83\69\95\65\82\77\54\52""]",.USE_ARM64,true,true,true
291,field_access,set_helper,set_helper,true,1:19715-1:19759,459:5-459:23,"[""\115\101\116\95\104\101\108\112\101\114""]",.set_helper,true,true,true
292,field_access,helperID,helperID,true,1:19772-1:19843,460:9-460:34,"[""\104\101\108\112\101\114\73\68""]",.helperID,true,true,true
293,field_access,role,role,true,1:19772-1:19809,460:9-460:25,"[""\114\111\108\101""]",.role,true,true,true
294,field_access,def,def,true,1:19772-1:19789,460:9-460:20,"[""\100\101\102""]",.def,true,true,true
295,field_access,core_func_createNet,core_func_createNet,true,1:19859-1:19933,462:21-462:48,"[""\99\111\114\101\95\102\117\110\99\95\99\114\101\97\116\101\78\101\116""]",.core_func_createNet,true,true,true
296,field_access,name,name,true,1:19949-1:19970,463:12-463:30,"[""\110\97\109\101""]",.name,true,true,true
297,field_access,debugkey,debugkey,true,1:20017-1:20069,464:16-464:36,"[""\100\101\98\117\103\107\101\121""]",.debugkey,true,true,true
298,field_access,def,def,true,1:20017-1:20034,464:16-464:27,"[""\100\101\102""]",.def,true,true,true
299,field_access,print,print,true,1:20074-1:20099,465:17-465:30,"[""\112\114\105\110\116""]",.print,true,true,true
300,field_access,name,name,true,1:20100-1:20121,465:31-465:49,"[""\110\97\109\101""]",.name,true,true,true
301,field_access,name,name,true,1:20129-1:20150,467:16-467:34,"[""\110\97\109\101""]",.name,true,true,true
302,field_access,debugkey,debugkey,true,1:20185-1:20237,468:20-468:40,"[""\100\101\98\117\103\107\101\121""]",.debugkey,true,true,true
303,field_access,def,def,true,1:20185-1:20202,468:20-468:31,"[""\100\101\102""]",.def,true,true,true
304,field_access,print,print,true,1:20242-1:20267,469:21-469:34,"[""\112\114\105\110\116""]",.print,true,true,true
305,field_access,request,request,true,1:20325-1:20359,475:25-475:46,"[""\114\101\113\117\101\115\116""]",.request,true,true,true
306,field_access,getResponseStatusCode,getResponseStatusCode,true,1:20367-1:20452,476:29-476:58,"[""\103\101\116\82\101\115\112\111\110\115\101\83\116\97\116\117\115\67\111\100\101""]",.getResponseStatusCode,true,true,true
307,field_access,getResponseData,getResponseData,true,1:20499-1:20560,480:25-480:48,"[""\103\101\116\82\101\115\112\111\110\115\101\68\97\116\97""]",.getResponseData,true,true,true
308,field_access,core_func_exit,core_func_exit,true,1:20666-1:20723,483:17-483:39,"[""\99\111\114\101\95\102\117\110\99\95\101\120\105\116""]",.core_func_exit,true,true,true
309,field_access,debugkey,debugkey,true,1:20758-1:20810,487:20-487:40,"[""\100\101\98\117\103\107\101\121""]",.debugkey,true,true,true
310,field_access,def,def,true,1:20758-1:20775,487:20-487:31,"[""\100\101\102""]",.def,true,true,true
311,field_access,print,print,true,1:20815-1:20840,488:21-488:34,"[""\112\114\105\110\116""]",.print,true,true,true
312,field_access,isloaded,isloaded,true,1:20901-1:20937,490:24-490:40,"[""\105\115\108\111\97\100\101\100""]",.isloaded,true,true,true
313,field_access,require,require,true,1:20981-1:21014,495:33-495:48,"[""\114\101\113\117\105\114\101""]",.require,true,true,true
314,field_access,decode,decode,true,1:21045-1:21073,496:35-496:53,"[""\100\101\99\111\100\101""]",.decode,true,true,true
315,field_access,debugkey,debugkey,true,1:21093-1:21145,498:20-498:40,"[""\100\101\98\117\103\107\101\121""]",.debugkey,true,true,true
316,field_access,def,def,true,1:21093-1:21110,498:20-498:31,"[""\100\101\102""]",.def,true,true,true
317,field_access,print,print,true,1:21150-1:21175,499:21-499:34,"[""\112\114\105\110\116""]",.print,true,true,true
318,field_access,version,version,true,1:21263-1:21296,503:20-503:41,"[""\118\101\114\115\105\111\110""]",.version,true,true,true
319,field_access,content,content,true,1:21303-1:21335,503:49-503:70,"[""\99\111\110\116\101\110\116""]",.content,true,true,true
320,field_access,debugkey,debugkey,true,1:21343-1:21395,504:20-504:40,"[""\100\101\98\117\103\107\101\121""]",.debugkey,true,true,true
321,field_access,def,def,true,1:21343-1:21360,504:20-504:31,"[""\100\101\102""]",.def,true,true,true
322,field_access,print,print,true,1:21400-1:21425,505:21-505:34,"[""\112\114\105\110\116""]",.print,true,true,true
323,field_access,content,content,true,1:21523-1:21555,510:55-510:76,"[""\99\111\110\116\101\110\116""]",.content,true,true,true
324,field_access,debugkey,debugkey,true,1:21573-1:21625,512:20-512:40,"[""\100\101\98\117\103\107\101\121""]",.debugkey,true,true,true
325,field_access,def,def,true,1:21573-1:21590,512:20-512:31,"[""\100\101\102""]",.def,true,true,true
326,field_access,print,print,true,1:21630-1:21655,513:21-513:34,"[""\112\114\105\110\116""]",.print,true,true,true
327,field_access,content,content,true,1:21774-1:21806,519:41-519:62,"[""\99\111\110\116\101\110\116""]",.content,true,true,true
328,field_access,version,version,true,1:21809-1:21842,520:41-520:62,"[""\118\101\114\115\105\111\110""]",.version,true,true,true
329,field_access,debugkey,debugkey,true,1:21851-1:21903,522:24-522:44,"[""\100\101\98\117\103\107\101\121""]",.debugkey,true,true,true
330,field_access,def,def,true,1:21851-1:21868,522:24-522:35,"[""\100\101\102""]",.def,true,true,true
331,field_access,print,print,true,1:21908-1:21933,523:25-523:38,"[""\112\114\105\110\116""]",.print,true,true,true
332,field_access,getFileData,getFileData,true,1:22055-1:22141,532:46-532:76,"[""\103\101\116\70\105\108\101\68\97\116\97""]",.getFileData,true,true,true
333,field_access,ycFunction,ycFunction,true,1:22055-1:22097,532:46-532:64,"[""\121\99\70\117\110\99\116\105\111\110""]",.ycFunction,true,true,true
334,field_access,ycFunction,ycFunction,true,1:22142-1:22184,532:77-532:95,"[""\121\99\70\117\110\99\116\105\111\110""]",.ycFunction,true,true,true
335,field_access,writablePath,writablePath,true,1:22253-1:22329,534:27-534:54,"[""\119\114\105\116\97\98\108\101\80\97\116\104""]",.writablePath,true,true,true
336,field_access,device,device,true,1:22253-1:22281,534:27-534:41,"[""\100\101\118\105\99\101""]",.device,true,true,true
337,field_access,exists,exists,true,1:22363-1:22404,535:16-535:33,"[""\101\120\105\115\116\115""]",.exists,true,true,true
338,field_access,io,io,true,1:22363-1:22376,535:16-535:26,"[""\105\111""]",.io,true,true,true
339,field_access,md5,md5,true,1:22415-1:22458,536:25-536:43,"[""\109\100\53""]",.md5,true,true,true
340,field_access,crypto,crypto,true,1:22415-1:22443,536:25-536:39,"[""\99\114\121\112\116\111""]",.crypto,true,true,true
341,field_access,core_func_writefile,core_func_writefile,true,1:22462-1:22539,537:13-537:40,"[""\99\111\114\101\95\102\117\110\99\95\119\114\105\116\101\102\105\108\101""]",.core_func_writefile,true,true,true
342,field_access,readfile,readfile,true,1:22566-1:22614,540:16-540:35,"[""\114\101\97\100\102\105\108\101""]",.readfile,true,true,true
343,field_access,io,io,true,1:22566-1:22579,540:16-540:26,"[""\105\111""]",.io,true,true,true
344,field_access,time,time,true,1:22659-1:22692,542:70-542:85,"[""\116\105\109\101""]",.time,true,true,true
345,field_access,os,os,true,1:22659-1:22672,542:70-542:80,"[""\111\115""]",.os,true,true,true
346,field_access,localLastSer,localLastSer,true,1:22725-1:22822,544:8-544:41,"[""\108\111\99\97\108\76\97\115\116\83\101\114""]",.localLastSer,true,true,true
347,field_access,login,login,true,1:22725-1:22775,544:8-544:28,"[""\108\111\103\105\110""]",.login,true,true,true
348,field_access,g_data,g_data,true,1:22725-1:22751,544:8-544:22,"[""\103\95\100\97\116\97""]",.g_data,true,true,true
349,field_access,zonename,zonename,true,1:22826-1:22958,544:46-544:88,"[""\122\111\110\101\110\97\109\101""]",.zonename,true,true,true
350,field_access,localLastSer,localLastSer,true,1:22826-1:22923,544:46-544:79,"[""\108\111\99\97\108\76\97\115\116\83\101\114""]",.localLastSer,true,true,true
351,field_access,login,login,true,1:22826-1:22876,544:46-544:66,"[""\108\111\103\105\110""]",.login,true,true,true
352,field_access,g_data,g_data,true,1:22826-1:22852,544:46-544:60,"[""\103\95\100\97\116\97""]",.g_data,true,true,true
353,field_access,encodeBase64,encodeBase64,true,1:22966-1:23041,545:28-545:55,"[""\101\110\99\111\100\101\66\97\115\101\54\52""]",.encodeBase64,true,true,true
354,field_access,crypto,crypto,true,1:22966-1:22994,545:28-545:42,"[""\99\114\121\112\116\111""]",.crypto,true,true,true
355,field_access,zonename,zonename,true,1:23042-1:23174,545:56-545:98,"[""\122\111\110\101\110\97\109\101""]",.zonename,true,true,true
356,field_access,localLastSer,localLastSer,true,1:23042-1:23139,545:56-545:89,"[""\108\111\99\97\108\76\97\115\116\83\101\114""]",.localLastSer,true,true,true
357,field_access,login,login,true,1:23042-1:23092,545:56-545:76,"[""\108\111\103\105\110""]",.login,true,true,true
358,field_access,g_data,g_data,true,1:23042-1:23068,545:56-545:70,"[""\103\95\100\97\116\97""]",.g_data,true,true,true
359,field_access,setPOSTData,setPOSTData,true,1:23179-1:23221,547:5-547:24,"[""\115\101\116\80\79\83\84\68\97\116\97""]",.setPOSTData,true,true,true
360,field_access,encodeBase64,encodeBase64,true,1:23239-1:23314,550:16-550:43,"[""\101\110\99\111\100\101\66\97\115\101\54\52""]",.encodeBase64,true,true,true
361,field_access,crypto,crypto,true,1:23239-1:23267,550:16-550:30,"[""\99\114\121\112\116\111""]",.crypto,true,true,true
362,field_access,decodeBase64,decodeBase64,true,1:23398-1:23473,556:16-556:43,"[""\100\101\99\111\100\101\66\97\115\101\54\52""]",.decodeBase64,true,true,true
363,field_access,crypto,crypto,true,1:23398-1:23426,556:16-556:30,"[""\99\114\121\112\116\111""]",.crypto,true,true,true
364,field_access,stuff,stuff,true,1:23474-1:23535,556:44-556:66,"[""\115\116\117\102\102""]",.stuff,true,true,true
365,field_access,role,role,true,1:23474-1:23511,556:44-556:60,"[""\114\111\108\101""]",.role,true,true,true
366,field_access,def,def,true,1:23474-1:23491,556:44-556:55,"[""\100\101\102""]",.def,true,true,true
367,field_access,setTimeout,setTimeout,true,1:23608-1:23652,562:5-562:23,"[""\115\101\116\84\105\109\101\111\117\116""]",.setTimeout,true,true,true
368,field_access,start,start,true,1:23664-1:23688,563:5-563:18,"[""\115\116\97\114\116""]",.start,true,true,true
